archive,archive_type,annotation_source,task_path,raw_task_name,media_name,canonical_task_id,participant_id,participant_number,camera_view,subset,task_status,job_statuses,start_frame,stop_frame,frame_count,width,height,media_size_bytes,declared_label_count,tag_count,standalone_shape_count,track_count,track_keyframe_count,rotated_keyframe_count,outside_keyframe_count,tag_labels,track_labels,shape_types,event_frames,schema_fingerprint
kartheepan/P01_LL.zip,task_backup,kartheepan,.,P01_LL,P01_LL.mp4,P01_LL,P01,1,LL,,annotation,annotation,0,472,473,1920,1080,41256579,14,4,0,6,89,27,5,Gel applied;first_paddle_taken;paddles_firmly_on_chest;paddles_removed_after_shock,apical_placement_zone;learner_hand;paddle_apical;paddle_sternal,rectangle,Gel applied=225;first_paddle_taken=293;paddles_firmly_on_chest=365;paddles_removed_after_shock=397,Gel applied:tag|apical_placement_zone:any|both_paddle_buttons_pressed:tag|defibrillator_screen:any|first_paddle_taken:tag|learner_hand:any|paddle_apical:any|paddle_sternal:any|paddles_firmly_on_chest:tag|paddles_removed_after_shock:tag|second_paddle_taken:tag|shock_delivered_on_screen:tag|shock_symbol:any|sternal_placement_zone:any
kartheepan/P01_LS.zip,task_backup,kartheepan,.,P01_LS,P01_LS.MOV,P01_LS,P01,1,LS,Train,annotation,annotation,0,609,610,1920,1080,37998414,14,8,0,7,103,58,3,Gel applied;both_paddle_buttons_pressed;first_paddle_taken;paddles_firmly_on_chest;paddles_removed_after_shock;second_paddle_taken;shock_delivered_on_screen,apical_placement_zone;defibrillator_screen;learner_hand;paddle_apical;paddle_sternal;shock_symbol;sternal_placement_zone,rectangle,"Gel applied=288,323;both_paddle_buttons_pressed=496;first_paddle_taken=423;paddles_firmly_on_chest=483;paddles_removed_after_shock=528;second_paddle_taken=463;shock_delivered_on_screen=504",Gel applied:tag|apical_placement_zone:any|both_paddle_buttons_pressed:tag|defibrillator_screen:any|first_paddle_taken:tag|learner_hand:any|paddle_apical:any|paddle_sternal:any|paddles_firmly_on_chest:tag|paddles_removed_after_shock:tag|second_paddle_taken:tag|shock_delivered_on_screen:tag|shock_symbol:any|sternal_placement_zone:any
kartheepan/P01_T.zip,task_backup,kartheepan,.,P01_T,P01_T.MOV,P01_T,P01,1,T,Train,annotation,annotation,0,616,617,1920,1080,40075121,14,8,0,7,135,6,0,Gel applied;both_paddle_buttons_pressed;first_paddle_taken;paddles_firmly_on_chest;paddles_removed_after_shock;second_paddle_taken;shock_delivered_on_screen,apical_placement_zone;defibrillator_screen;learner_hand;paddle_apical;paddle_sternal;shock_symbol;sternal_placement_zone,rectangle,"Gel applied=260,296;both_paddle_buttons_pressed=464;first_paddle_taken=391;paddles_firmly_on_chest=448;paddles_removed_after_shock=519;second_paddle_taken=437;shock_delivered_on_screen=477",Gel applied:tag|apical_placement_zone:any|both_paddle_buttons_pressed:tag|defibrillator_screen:any|first_paddle_taken:tag|learner_hand:any|paddle_apical:any|paddle_sternal:any|paddles_firmly_on_chest:tag|paddles_removed_after_shock:tag|second_paddle_taken:tag|shock_delivered_on_screen:tag|shock_symbol:any|sternal_placement_zone:any
kartheepan/P03_LL.zip,task_backup,kartheepan,.,P03_LL,P03_LL.MP4,P03_LL,P03,3,LL,Train,annotation,annotation,0,482,483,,,29107197,14,4,0,5,120,57,4,Gel applied;first_paddle_taken;paddles_firmly_on_chest;paddles_removed_after_shock,apical_placement_zone;learner_hand;paddle_apical;paddle_sternal,rectangle,Gel applied=193;first_paddle_taken=284;paddles_firmly_on_chest=374;paddles_removed_after_shock=406,Gel applied:tag|apical_placement_zone:any|both_paddle_buttons_pressed:tag|defibrillator_screen:any|first_paddle_taken:tag|learner_hand:any|paddle_apical:any|paddle_sternal:any|paddles_firmly_on_chest:tag|paddles_removed_after_shock:tag|second_paddle_taken:tag|shock_delivered_on_screen:tag|shock_symbol:any|sternal_placement_zone:any
kartheepan/P03_LS.zip,task_backup,kartheepan,.,P03_LS,P03_LS.MOV,P03_LS,P03,3,LS,Train,annotation,annotation,0,635,636,1920,1080,39554039,14,8,0,7,120,103,3,Gel applied;both_paddle_buttons_pressed;first_paddle_taken;paddles_firmly_on_chest;paddles_removed_after_shock;second_paddle_taken;shock_delivered_on_screen,apical_placement_zone;defibrillator_screen;learner_hand;paddle_apical;paddle_sternal;shock_symbol;sternal_placement_zone,rectangle,"Gel applied=198,226;both_paddle_buttons_pressed=449;first_paddle_taken=341;paddles_firmly_on_chest=433;paddles_removed_after_shock=477;second_paddle_taken=397;shock_delivered_on_screen=450",Gel applied:tag|apical_placement_zone:any|both_paddle_buttons_pressed:tag|defibrillator_screen:any|first_paddle_taken:tag|learner_hand:any|paddle_apical:any|paddle_sternal:any|paddles_firmly_on_chest:tag|paddles_removed_after_shock:tag|second_paddle_taken:tag|shock_delivered_on_screen:tag|shock_symbol:any|sternal_placement_zone:any
kartheepan/P03_T.zip,task_backup,kartheepan,.,P03_T,P03_T.MOV,P03_T,P03,3,T,Train,annotation,annotation,0,536,537,1920,1080,19646227,14,8,0,7,120,7,2,Gel applied;both_paddle_buttons_pressed;first_paddle_taken;paddles_firmly_on_chest;paddles_removed_after_shock;second_paddle_taken;shock_delivered_on_screen,apical_placement_zone;defibrillator_screen;learner_hand;paddle_apical;paddle_sternal;shock_symbol;sternal_placement_zone,rectangle,"Gel applied=166,193;both_paddle_buttons_pressed=409;first_paddle_taken=301;paddles_firmly_on_chest=396;paddles_removed_after_shock=448;second_paddle_taken=366;shock_delivered_on_screen=418",Gel applied:tag|apical_placement_zone:any|both_paddle_buttons_pressed:tag|defibrillator_screen:any|first_paddle_taken:tag|learner_hand:any|paddle_apical:any|paddle_sternal:any|paddles_firmly_on_chest:tag|paddles_removed_after_shock:tag|second_paddle_taken:tag|shock_delivered_on_screen:tag|shock_symbol:any|sternal_placement_zone:any
kartheepan/P04_LL.zip,task_backup,kartheepan,.,P04_LL,P04_LL.MP4,P04_LL,P04,4,LL,,annotation,annotation,0,485,486,,,29248599,14,5,0,6,163,94,5,Gel applied;first_paddle_taken;paddles_firmly_on_chest;paddles_removed_after_shock;second_paddle_taken,apical_placement_zone;learner_hand;paddle_apical;paddle_sternal,rectangle,Gel applied=118;first_paddle_taken=254;paddles_firmly_on_chest=377;paddles_removed_after_shock=385;second_paddle_taken=324,Gel applied:tag|apical_placement_zone:any|both_paddle_buttons_pressed:tag|defibrillator_screen:any|first_paddle_taken:tag|learner_hand:any|paddle_apical:any|paddle_sternal:any|paddles_firmly_on_chest:tag|paddles_removed_after_shock:tag|second_paddle_taken:tag|shock_delivered_on_screen:tag|shock_symbol:any|sternal_placement_zone:any
kartheepan/P04_LS.zip,task_backup,kartheepan,.,P04_LS,P04_LS.MOV,P04_LS,P04,4,LS,Train,annotation,annotation,0,540,541,1920,1080,34567391,14,8,0,7,126,95,3,Gel applied;both_paddle_buttons_pressed;first_paddle_taken;paddles_firmly_on_chest;paddles_removed_after_shock;second_paddle_taken;shock_delivered_on_screen,apical_placement_zone;defibrillator_screen;learner_hand;paddle_apical;paddle_sternal;shock_symbol;sternal_placement_zone,rectangle,"Gel applied=101,126;both_paddle_buttons_pressed=438;first_paddle_taken=335;paddles_firmly_on_chest=434;paddles_removed_after_shock=443;second_paddle_taken=394;shock_delivered_on_screen=439",Gel applied:tag|apical_placement_zone:any|both_paddle_buttons_pressed:tag|defibrillator_screen:any|first_paddle_taken:tag|learner_hand:any|paddle_apical:any|paddle_sternal:any|paddles_firmly_on_chest:tag|paddles_removed_after_shock:tag|second_paddle_taken:tag|shock_delivered_on_screen:tag|shock_symbol:any|sternal_placement_zone:any
kartheepan/P04_T.zip,task_backup,kartheepan,.,P04_T,P04_T.MOV,P04_T,P04,4,T,Train,annotation,annotation,0,512,513,1920,1080,18734553,14,7,0,7,153,11,3,Gel applied;both_paddle_buttons_pressed;first_paddle_taken;paddles_firmly_on_chest;paddles_removed_after_shock;second_paddle_taken;shock_delivered_on_screen,apical_placement_zone;defibrillator_screen;learner_hand;paddle_apical;paddle_sternal;shock_symbol;sternal_placement_zone,rectangle,Gel applied=90;both_paddle_buttons_pressed=415;first_paddle_taken=319;paddles_firmly_on_chest=397;paddles_removed_after_shock=447;second_paddle_taken=384;shock_delivered_on_screen=429,Gel applied:tag|apical_placement_zone:any|both_paddle_buttons_pressed:tag|defibrillator_screen:any|first_paddle_taken:tag|learner_hand:any|paddle_apical:any|paddle_sternal:any|paddles_firmly_on_chest:tag|paddles_removed_after_shock:tag|second_paddle_taken:tag|shock_delivered_on_screen:tag|shock_symbol:any|sternal_placement_zone:any
kartheepan/P05_LL.zip,task_backup,kartheepan,.,P05_LL,P05_LL.MP4,P05_LL,P05,5,LL,Train,annotation,annotation,0,563,564,,,33839245,14,4,0,7,169,124,6,Gel applied;apical_placement_zone;paddles_removed_after_shock;second_paddle_taken,apical_placement_zone;learner_hand;paddle_apical;paddle_sternal,rectangle,Gel applied=198;paddles_removed_after_shock=485;second_paddle_taken=381,Gel applied:tag|apical_placement_zone:any|both_paddle_buttons_pressed:tag|defibrillator_screen:any|first_paddle_taken:tag|learner_hand:any|paddle_apical:any|paddle_sternal:any|paddles_firmly_on_chest:tag|paddles_removed_after_shock:tag|second_paddle_taken:tag|shock_delivered_on_screen:tag|shock_symbol:any|sternal_placement_zone:any
kartheepan/P05_LS.zip,task_backup,kartheepan,.,P05_LS,P05_LS.MOV,P05_LS,P05,5,LS,Train,annotation,annotation,0,693,694,1920,1080,43801012,14,8,0,7,163,128,3,Gel applied;both_paddle_buttons_pressed;first_paddle_taken;paddles_firmly_on_chest;paddles_removed_after_shock;second_paddle_taken;shock_delivered_on_screen,apical_placement_zone;defibrillator_screen;learner_hand;paddle_apical;paddle_sternal;shock_symbol;sternal_placement_zone,rectangle,"Gel applied=223,261;both_paddle_buttons_pressed=563;first_paddle_taken=400;paddles_firmly_on_chest=540;paddles_removed_after_shock=602;second_paddle_taken=498;shock_delivered_on_screen=577",Gel applied:tag|apical_placement_zone:any|both_paddle_buttons_pressed:tag|defibrillator_screen:any|first_paddle_taken:tag|learner_hand:any|paddle_apical:any|paddle_sternal:any|paddles_firmly_on_chest:tag|paddles_removed_after_shock:tag|second_paddle_taken:tag|shock_delivered_on_screen:tag|shock_symbol:any|sternal_placement_zone:any
kartheepan/P05_T.zip,task_backup,kartheepan,.,P05_T,P05_T.MOV,P05_T,P05,5,T,Train,annotation,annotation,0,660,661,1920,1080,24135186,14,7,0,7,127,8,4,Gel applied;both_paddle_buttons_pressed;first_paddle_taken;paddles_firmly_on_chest;paddles_removed_after_shock;second_paddle_taken;shock_delivered_on_screen,apical_placement_zone;defibrillator_screen;learner_hand;paddle_apical;paddle_sternal;shock_symbol;sternal_placement_zone,rectangle,Gel applied=176;both_paddle_buttons_pressed=513;first_paddle_taken=349;paddles_firmly_on_chest=493;paddles_removed_after_shock=557;second_paddle_taken=452;shock_delivered_on_screen=531,Gel applied:tag|apical_placement_zone:any|both_paddle_buttons_pressed:tag|defibrillator_screen:any|first_paddle_taken:tag|learner_hand:any|paddle_apical:any|paddle_sternal:any|paddles_firmly_on_chest:tag|paddles_removed_after_shock:tag|second_paddle_taken:tag|shock_delivered_on_screen:tag|shock_symbol:any|sternal_placement_zone:any
kartheepan/P06_LL.zip,task_backup,kartheepan,.,P06_LL,P06_LL.MP4,P06_LL,P06,6,LL,,annotation,annotation,0,660,661,,,39776539,14,5,0,5,144,0,2,Gel applied;both_paddle_buttons_pressed;first_paddle_taken;paddles_removed_after_shock;second_paddle_taken,apical_placement_zone;learner_hand;paddle_apical;paddle_sternal,rectangle,Gel applied=185;both_paddle_buttons_pressed=440;first_paddle_taken=314;paddles_removed_after_shock=544;second_paddle_taken=383,Gel applied:tag|apical_placement_zone:any|both_paddle_buttons_pressed:tag|defibrillator_screen:any|first_paddle_taken:tag|learner_hand:any|paddle_apical:any|paddle_sternal:any|paddles_firmly_on_chest:tag|paddles_removed_after_shock:tag|second_paddle_taken:tag|shock_delivered_on_screen:tag|shock_symbol:any|sternal_placement_zone:any
kartheepan/P06_LS.zip,task_backup,kartheepan,.,P06_LS,P06_LS.MOV,P06_LS,P06,6,LS,,annotation,annotation,0,802,803,1920,1080,51786235,14,8,0,6,165,0,2,Gel applied;both_paddle_buttons_pressed;first_paddle_taken;paddles_firmly_on_chest;paddles_removed_after_shock;second_paddle_taken,apical_placement_zone;defibrillator_screen;learner_hand;paddle_apical;paddle_sternal;sternal_placement_zone,rectangle,"Gel applied=226,259,260;both_paddle_buttons_pressed=656;first_paddle_taken=452;paddles_firmly_on_chest=550;paddles_removed_after_shock=691;second_paddle_taken=526",Gel applied:tag|apical_placement_zone:any|both_paddle_buttons_pressed:tag|defibrillator_screen:any|first_paddle_taken:tag|learner_hand:any|paddle_apical:any|paddle_sternal:any|paddles_firmly_on_chest:tag|paddles_removed_after_shock:tag|second_paddle_taken:tag|shock_delivered_on_screen:tag|shock_symbol:any|sternal_placement_zone:any
kartheepan/P06_T.zip,task_backup,kartheepan,.,P06_T,P06_T.MOV,P06_T,P06,6,T,Train,annotation,annotation,0,749,750,1920,1080,27310146,14,5,0,6,125,5,3,Gel applied;first_paddle_taken;paddles_firmly_on_chest;paddles_removed_after_shock;second_paddle_taken,apical_placement_zone;defibrillator_screen;learner_hand;paddle_apical;paddle_sternal;sternal_placement_zone,rectangle,Gel applied=178;first_paddle_taken=394;paddles_firmly_on_chest=543;paddles_removed_after_shock=647;second_paddle_taken=478,Gel applied:tag|apical_placement_zone:any|both_paddle_buttons_pressed:tag|defibrillator_screen:any|first_paddle_taken:tag|learner_hand:any|paddle_apical:any|paddle_sternal:any|paddles_firmly_on_chest:tag|paddles_removed_after_shock:tag|second_paddle_taken:tag|shock_delivered_on_screen:tag|shock_symbol:any|sternal_placement_zone:any
kartheepan/P07_LL.zip,task_backup,kartheepan,.,P07_LL,P07_LL.MP4,P07_LL,P07,7,LL,Train,annotation,annotation,0,588,589,,,35482059,14,5,0,6,141,85,3,Gel applied;both_paddle_buttons_pressed;first_paddle_taken;paddles_firmly_on_chest;paddles_removed_after_shock,apical_placement_zone;learner_hand;paddle_apical;paddle_sternal,rectangle,Gel applied=234;both_paddle_buttons_pressed=513;first_paddle_taken=350;paddles_firmly_on_chest=512;paddles_removed_after_shock=541,Gel applied:tag|apical_placement_zone:any|both_paddle_buttons_pressed:tag|defibrillator_screen:any|first_paddle_taken:tag|learner_hand:any|paddle_apical:any|paddle_sternal:any|paddles_firmly_on_chest:tag|paddles_removed_after_shock:tag|second_paddle_taken:tag|shock_delivered_on_screen:tag|shock_symbol:any|sternal_placement_zone:any
kartheepan/P07_LS.zip,task_backup,kartheepan,.,P07_LS,P07_LS.MOV,P07_LS,P07,7,LS,Train,annotation,annotation,0,761,762,1920,1080,48591493,14,8,0,8,143,109,4,Gel applied;both_paddle_buttons_pressed;first_paddle_taken;paddles_firmly_on_chest;paddles_removed_after_shock;second_paddle_taken;shock_delivered_on_screen,apical_placement_zone;defibrillator_screen;learner_hand;paddle_apical;paddle_sternal;shock_symbol;sternal_placement_zone,rectangle,"Gel applied=259,303;both_paddle_buttons_pressed=639;first_paddle_taken=472;paddles_firmly_on_chest=629;paddles_removed_after_shock=684;second_paddle_taken=553;shock_delivered_on_screen=649",Gel applied:tag|apical_placement_zone:any|both_paddle_buttons_pressed:tag|defibrillator_screen:any|first_paddle_taken:tag|learner_hand:any|paddle_apical:any|paddle_sternal:any|paddles_firmly_on_chest:tag|paddles_removed_after_shock:tag|second_paddle_taken:tag|shock_delivered_on_screen:tag|shock_symbol:any|sternal_placement_zone:any
kartheepan/P07_T.zip,task_backup,kartheepan,.,P07_T,P07_T.MOV,P07_T,P07,7,T,Train,annotation,annotation,0,715,716,1920,1080,25953606,14,8,0,7,133,19,3,Gel applied;both_paddle_buttons_pressed;first_paddle_taken;paddles_firmly_on_chest;paddles_removed_after_shock;second_paddle_taken;shock_delivered_on_screen,apical_placement_zone;defibrillator_screen;learner_hand;paddle_apical;paddle_sternal;shock_symbol;sternal_placement_zone,rectangle,"Gel applied=197,250;both_paddle_buttons_pressed=573;first_paddle_taken=409;paddles_firmly_on_chest=535;paddles_removed_after_shock=625;second_paddle_taken=493;shock_delivered_on_screen=588",Gel applied:tag|apical_placement_zone:any|both_paddle_buttons_pressed:tag|defibrillator_screen:any|first_paddle_taken:tag|learner_hand:any|paddle_apical:any|paddle_sternal:any|paddles_firmly_on_chest:tag|paddles_removed_after_shock:tag|second_paddle_taken:tag|shock_delivered_on_screen:tag|shock_symbol:any|sternal_placement_zone:any
kartheepan/P12_LL.zip,task_backup,kartheepan,.,P12_LL,P12_LL.MP4,P12_LL,P12,12,LL,Train,annotation,annotation,0,422,423,,,25516266,14,3,0,5,129,104,2,first_paddle_taken;paddles_removed_after_shock;second_paddle_taken,apical_placement_zone;learner_hand;paddle_apical;paddle_sternal,rectangle,first_paddle_taken=176;paddles_removed_after_shock=343;second_paddle_taken=250,Gel applied:tag|apical_placement_zone:any|both_paddle_buttons_pressed:tag|defibrillator_screen:any|first_paddle_taken:tag|learner_hand:any|paddle_apical:any|paddle_sternal:any|paddles_firmly_on_chest:tag|paddles_removed_after_shock:tag|second_paddle_taken:tag|shock_delivered_on_screen:tag|shock_symbol:any|sternal_placement_zone:any
kartheepan/P12_LS.zip,task_backup,kartheepan,.,P12_LS,P12_LS.MOV,P12_LS,P12,12,LS,Train,annotation,annotation,0,514,515,1920,1080,33222189,14,8,0,7,121,106,3,Gel applied;both_paddle_buttons_pressed;first_paddle_taken;paddles_firmly_on_chest;paddles_removed_after_shock;second_paddle_taken;shock_delivered_on_screen,apical_placement_zone;defibrillator_screen;learner_hand;paddle_apical;paddle_sternal;shock_symbol;sternal_placement_zone,rectangle,"Gel applied=164,179;both_paddle_buttons_pressed=389;first_paddle_taken=280;paddles_firmly_on_chest=363;paddles_removed_after_shock=445;second_paddle_taken=352;shock_delivered_on_screen=407",Gel applied:tag|apical_placement_zone:any|both_paddle_buttons_pressed:tag|defibrillator_screen:any|first_paddle_taken:tag|learner_hand:any|paddle_apical:any|paddle_sternal:any|paddles_firmly_on_chest:tag|paddles_removed_after_shock:tag|second_paddle_taken:tag|shock_delivered_on_screen:tag|shock_symbol:any|sternal_placement_zone:any
kartheepan/P12_T.zip,task_backup,kartheepan,.,P12_T,P12_T.mov,P12_T,P12,12,T,Train,annotation,annotation,0,491,492,1920,1080,5603202,14,6,0,7,109,47,3,both_paddle_buttons_pressed;first_paddle_taken;paddles_firmly_on_chest;paddles_removed_after_shock;second_paddle_taken;shock_delivered_on_screen,apical_placement_zone;defibrillator_screen;learner_hand;paddle_apical;paddle_sternal;shock_symbol;sternal_placement_zone,rectangle,both_paddle_buttons_pressed=351;first_paddle_taken=234;paddles_firmly_on_chest=336;paddles_removed_after_shock=405;second_paddle_taken=312;shock_delivered_on_screen=367,Gel applied:tag|apical_placement_zone:any|both_paddle_buttons_pressed:tag|defibrillator_screen:any|first_paddle_taken:tag|learner_hand:any|paddle_apical:any|paddle_sternal:any|paddles_firmly_on_chest:tag|paddles_removed_after_shock:tag|second_paddle_taken:tag|shock_delivered_on_screen:tag|shock_symbol:any|sternal_placement_zone:any
kartheepan/P13_LL.zip,task_backup,kartheepan,.,P13_LL,P13_LL.MP4,P13_LL,P13,13,LL,Train,annotation,annotation,0,400,401,,,24271972,14,4,0,5,110,41,2,Gel applied;first_paddle_taken;paddles_removed_after_shock;second_paddle_taken,apical_placement_zone;learner_hand;paddle_apical;paddle_sternal,rectangle,Gel applied=141;first_paddle_taken=190;paddles_removed_after_shock=333;second_paddle_taken=260,Gel applied:tag|apical_placement_zone:any|both_paddle_buttons_pressed:tag|defibrillator_screen:any|first_paddle_taken:tag|learner_hand:any|paddle_apical:any|paddle_sternal:any|paddles_firmly_on_chest:tag|paddles_removed_after_shock:tag|second_paddle_taken:tag|shock_delivered_on_screen:tag|shock_symbol:any|sternal_placement_zone:any
kartheepan/P13_LS.zip,task_backup,kartheepan,.,P13_LS,P13_LS.MOV,P13_LS,P13,13,LS,Train,annotation,annotation,0,503,504,1920,1080,31653058,14,8,0,7,134,14,3,Gel applied;both_paddle_buttons_pressed;first_paddle_taken;paddles_firmly_on_chest;paddles_removed_after_shock;second_paddle_taken;shock_delivered_on_screen,apical_placement_zone;defibrillator_screen;learner_hand;paddle_apical;paddle_sternal;shock_symbol;sternal_placement_zone,rectangle,"Gel applied=170,199;both_paddle_buttons_pressed=400;first_paddle_taken=301;paddles_firmly_on_chest=399;paddles_removed_after_shock=426;second_paddle_taken=362;shock_delivered_on_screen=402",Gel applied:tag|apical_placement_zone:any|both_paddle_buttons_pressed:tag|defibrillator_screen:any|first_paddle_taken:tag|learner_hand:any|paddle_apical:any|paddle_sternal:any|paddles_firmly_on_chest:tag|paddles_removed_after_shock:tag|second_paddle_taken:tag|shock_delivered_on_screen:tag|shock_symbol:any|sternal_placement_zone:any
kartheepan/P13_T.zip,task_backup,kartheepan,.,P13_T,P13_T.mov,P13_T,P13,13,T,,annotation,annotation,0,509,510,1920,1080,6025224,14,7,0,7,129,70,4,Gel applied;both_paddle_buttons_pressed;first_paddle_taken;paddles_firmly_on_chest;paddles_removed_after_shock;second_paddle_taken;shock_delivered_on_screen,apical_placement_zone;defibrillator_screen;learner_hand;paddle_apical;paddle_sternal;shock_symbol;sternal_placement_zone,rectangle,Gel applied=141;both_paddle_buttons_pressed=370;first_paddle_taken=264;paddles_firmly_on_chest=369;paddles_removed_after_shock=398;second_paddle_taken=332;shock_delivered_on_screen=373,Gel applied:tag|apical_placement_zone:any|both_paddle_buttons_pressed:tag|defibrillator_screen:any|first_paddle_taken:tag|learner_hand:any|paddle_apical:any|paddle_sternal:any|paddles_firmly_on_chest:tag|paddles_removed_after_shock:tag|second_paddle_taken:tag|shock_delivered_on_screen:tag|shock_symbol:any|sternal_placement_zone:any
kartheepan/P14_LL.zip,task_backup,kartheepan,.,P14_LL,P14_LL.MP4,P14_LL,P14,14,LL,Train,annotation,annotation,0,433,434,,,26253160,14,4,0,6,132,0,5,first_paddle_taken;paddles_firmly_on_chest;paddles_removed_after_shock;second_paddle_taken,apical_placement_zone;learner_hand;paddle_apical;paddle_sternal,rectangle,first_paddle_taken=237;paddles_firmly_on_chest=303;paddles_removed_after_shock=372;second_paddle_taken=238,Gel applied:tag|apical_placement_zone:any|both_paddle_buttons_pressed:tag|defibrillator_screen:any|first_paddle_taken:tag|learner_hand:any|paddle_apical:any|paddle_sternal:any|paddles_firmly_on_chest:tag|paddles_removed_after_shock:tag|second_paddle_taken:tag|shock_delivered_on_screen:tag|shock_symbol:any|sternal_placement_zone:any
kartheepan/P14_LS.zip,task_backup,kartheepan,.,P14_LS,P14_LS.MOV,P14_LS,P14,14,LS,Train,annotation,annotation,0,564,565,1920,1080,36997316,14,8,0,7,155,18,3,Gel applied;both_paddle_buttons_pressed;first_paddle_taken;paddles_firmly_on_chest;paddles_removed_after_shock;second_paddle_taken;shock_delivered_on_screen,apical_placement_zone;defibrillator_screen;learner_hand;paddle_apical;paddle_sternal;shock_symbol;sternal_placement_zone,rectangle,"Gel applied=186,211;both_paddle_buttons_pressed=433;first_paddle_taken=330;paddles_firmly_on_chest=432;paddles_removed_after_shock=466;second_paddle_taken=335;shock_delivered_on_screen=434",Gel applied:tag|apical_placement_zone:any|both_paddle_buttons_pressed:tag|defibrillator_screen:any|first_paddle_taken:tag|learner_hand:any|paddle_apical:any|paddle_sternal:any|paddles_firmly_on_chest:tag|paddles_removed_after_shock:tag|second_paddle_taken:tag|shock_delivered_on_screen:tag|shock_symbol:any|sternal_placement_zone:any
kartheepan/P14_T.zip,task_backup,kartheepan,.,P14_T,P14_T.mov,P14_T,P14,14,T,Train,annotation,annotation,0,528,529,1920,1080,5743989,14,7,0,7,129,72,4,Gel applied;both_paddle_buttons_pressed;first_paddle_taken;paddles_firmly_on_chest;paddles_removed_after_shock;second_paddle_taken;shock_delivered_on_screen,apical_placement_zone;defibrillator_screen;learner_hand;paddle_apical;paddle_sternal;shock_symbol;sternal_placement_zone,rectangle,Gel applied=143;both_paddle_buttons_pressed=385;first_paddle_taken=296;paddles_firmly_on_chest=383;paddles_removed_after_shock=420;second_paddle_taken=298;shock_delivered_on_screen=388,Gel applied:tag|apical_placement_zone:any|both_paddle_buttons_pressed:tag|defibrillator_screen:any|first_paddle_taken:tag|learner_hand:any|paddle_apical:any|paddle_sternal:any|paddles_firmly_on_chest:tag|paddles_removed_after_shock:tag|second_paddle_taken:tag|shock_delivered_on_screen:tag|shock_symbol:any|sternal_placement_zone:any
kartheepan/P15_LL.zip,task_backup,kartheepan,.,P15_LL,P15_LL.MP4,P15_LL,P15,15,LL,Train,annotation,annotation,0,571,572,,,34411272,14,4,0,5,158,0,2,Gel applied;first_paddle_taken;paddles_removed_after_shock;second_paddle_taken,apical_placement_zone;learner_hand;paddle_apical;paddle_sternal,rectangle,Gel applied=177;first_paddle_taken=232;paddles_removed_after_shock=490;second_paddle_taken=365,Gel applied:tag|apical_placement_zone:any|both_paddle_buttons_pressed:tag|defibrillator_screen:any|first_paddle_taken:tag|learner_hand:any|paddle_apical:any|paddle_sternal:any|paddles_firmly_on_chest:tag|paddles_removed_after_shock:tag|second_paddle_taken:tag|shock_delivered_on_screen:tag|shock_symbol:any|sternal_placement_zone:any
kartheepan/P15_LS.zip,task_backup,kartheepan,.,P15_LS,P15_LS.MOV,P15_LS,P15,15,LS,Train,annotation,annotation,0,708,709,1920,1080,46500135,14,7,0,7,204,6,4,Gel applied;both_paddle_buttons_pressed;first_paddle_taken;paddles_firmly_on_chest;paddles_removed_after_shock;second_paddle_taken;shock_delivered_on_screen,apical_placement_zone;defibrillator_screen;learner_hand;paddle_apical;paddle_sternal;shock_symbol;sternal_placement_zone,rectangle,Gel applied=236;both_paddle_buttons_pressed=604;first_paddle_taken=341;paddles_firmly_on_chest=582;paddles_removed_after_shock=627;second_paddle_taken=555;shock_delivered_on_screen=604,Gel applied:tag|apical_placement_zone:any|both_paddle_buttons_pressed:tag|defibrillator_screen:any|first_paddle_taken:tag|learner_hand:any|paddle_apical:any|paddle_sternal:any|paddles_firmly_on_chest:tag|paddles_removed_after_shock:tag|second_paddle_taken:tag|shock_delivered_on_screen:tag|shock_symbol:any|sternal_placement_zone:any
kartheepan/P15_T.zip,task_backup,kartheepan,.,P15_T,P15_T.mov,P15_T,P15,15,T,Train,annotation,annotation,0,677,678,1920,1080,7567019,14,6,0,7,111,42,3,Gel applied;first_paddle_taken;paddles_firmly_on_chest;paddles_removed_after_shock;second_paddle_taken;shock_delivered_on_screen,apical_placement_zone;defibrillator_screen;learner_hand;paddle_apical;paddle_sternal;shock_symbol;sternal_placement_zone,rectangle,Gel applied=188;first_paddle_taken=388;paddles_firmly_on_chest=551;paddles_removed_after_shock=580;second_paddle_taken=509;shock_delivered_on_screen=553,Gel applied:tag|apical_placement_zone:any|both_paddle_buttons_pressed:tag|defibrillator_screen:any|first_paddle_taken:tag|learner_hand:any|paddle_apical:any|paddle_sternal:any|paddles_firmly_on_chest:tag|paddles_removed_after_shock:tag|second_paddle_taken:tag|shock_delivered_on_screen:tag|shock_symbol:any|sternal_placement_zone:any
defibliration2.zip,project_backup,defibliration2,task_44,P16_LL,P16_LL.MP4,P16_LL,P16,16,LL,,annotation,annotation,0,605,606,,,36390268,14,6,0,7,72,0,6,Gel applied;both_paddle_buttons_pressed;first_paddle_taken;paddles_firmly_on_chest;paddles_removed_after_shock;second_paddle_taken,apical_placement_zone;learner_hand;paddle_apical;paddle_sternal,polygon;rectangle,Gel applied=134;both_paddle_buttons_pressed=496;first_paddle_taken=302;paddles_firmly_on_chest=428;paddles_removed_after_shock=541;second_paddle_taken=376,Gel applied:tag|apical_placement_zone:any|both_paddle_buttons_pressed:tag|defibrillator_screen:any|first_paddle_taken:tag|learner_hand:any|paddle_apical:any|paddle_sternal:any|paddles_firmly_on_chest:tag|paddles_removed_after_shock:tag|second_paddle_taken:tag|shock_delivered_on_screen:tag|shock_symbol:any|sternal_placement_zone:any
defibliration2.zip,project_backup,defibliration2,task_43,P16_LS,P16_LS.MOV,P16_LS,P16,16,LS,,annotation,annotation,0,762,763,1920,1080,50182101,14,7,0,7,77,0,3,Gel applied;both_paddle_buttons_pressed;first_paddle_taken;paddles_firmly_on_chest;paddles_removed_after_shock;second_paddle_taken;shock_delivered_on_screen,apical_placement_zone;defibrillator_screen;learner_hand;paddle_apical;paddle_sternal;shock_symbol;sternal_placement_zone,polygon;rectangle,Gel applied=193;both_paddle_buttons_pressed=629;first_paddle_taken=399;paddles_firmly_on_chest=573;paddles_removed_after_shock=683;second_paddle_taken=504;shock_delivered_on_screen=634,Gel applied:tag|apical_placement_zone:any|both_paddle_buttons_pressed:tag|defibrillator_screen:any|first_paddle_taken:tag|learner_hand:any|paddle_apical:any|paddle_sternal:any|paddles_firmly_on_chest:tag|paddles_removed_after_shock:tag|second_paddle_taken:tag|shock_delivered_on_screen:tag|shock_symbol:any|sternal_placement_zone:any
defibliration2.zip,project_backup,defibliration2,task_42,P16_T,P16_T.MOV,P16_T,P16,16,T,,annotation,annotation,0,741,742,1080,1920,27032281,14,6,0,5,68,13,3,Gel applied;both_paddle_buttons_pressed;first_paddle_taken;paddles_firmly_on_chest;paddles_removed_after_shock;second_paddle_taken,apical_placement_zone;learner_hand;paddle_apical;paddle_sternal;sternal_placement_zone,polygon;rectangle,Gel applied=176;both_paddle_buttons_pressed=595;first_paddle_taken=361;paddles_firmly_on_chest=529;paddles_removed_after_shock=646;second_paddle_taken=468,Gel applied:tag|apical_placement_zone:any|both_paddle_buttons_pressed:tag|defibrillator_screen:any|first_paddle_taken:tag|learner_hand:any|paddle_apical:any|paddle_sternal:any|paddles_firmly_on_chest:tag|paddles_removed_after_shock:tag|second_paddle_taken:tag|shock_delivered_on_screen:tag|shock_symbol:any|sternal_placement_zone:any
defibliration2.zip,project_backup,defibliration2,task_41,P17_LL,P17_LL.MP4,P17_LL,P17,17,LL,,annotation,annotation,0,403,404,,,24401362,14,5,0,6,34,0,5,Gel applied;first_paddle_taken;paddles_firmly_on_chest;paddles_removed_after_shock;second_paddle_taken,apical_placement_zone;learner_hand;paddle_apical;paddle_sternal,polygon;rectangle,Gel applied=127;first_paddle_taken=197;paddles_firmly_on_chest=264;paddles_removed_after_shock=293;second_paddle_taken=224,Gel applied:tag|apical_placement_zone:any|both_paddle_buttons_pressed:tag|defibrillator_screen:any|first_paddle_taken:tag|learner_hand:any|paddle_apical:any|paddle_sternal:any|paddles_firmly_on_chest:tag|paddles_removed_after_shock:tag|second_paddle_taken:tag|shock_delivered_on_screen:tag|shock_symbol:any|sternal_placement_zone:any
defibliration2.zip,project_backup,defibliration2,task_40,P17_LS,P17_LS.MOV,P17_LS,P17,17,LS,,annotation,annotation,0,459,460,1920,1080,30055611,14,7,0,9,51,0,5,Gel applied;both_paddle_buttons_pressed;first_paddle_taken;paddles_firmly_on_chest;paddles_removed_after_shock;second_paddle_taken;shock_delivered_on_screen,apical_placement_zone;defibrillator_screen;learner_hand;paddle_apical;paddle_sternal;shock_symbol;sternal_placement_zone,polygon;rectangle,Gel applied=203;both_paddle_buttons_pressed=358;first_paddle_taken=274;paddles_firmly_on_chest=344;paddles_removed_after_shock=387;second_paddle_taken=322;shock_delivered_on_screen=359,Gel applied:tag|apical_placement_zone:any|both_paddle_buttons_pressed:tag|defibrillator_screen:any|first_paddle_taken:tag|learner_hand:any|paddle_apical:any|paddle_sternal:any|paddles_firmly_on_chest:tag|paddles_removed_after_shock:tag|second_paddle_taken:tag|shock_delivered_on_screen:tag|shock_symbol:any|sternal_placement_zone:any
defibliration2.zip,project_backup,defibliration2,task_39,P17_T,P17_T.MOV,P17_T,P17,17,T,,annotation,annotation,0,423,424,1080,1920,15379986,14,6,0,4,26,0,2,Gel applied;both_paddle_buttons_pressed;first_paddle_taken;paddles_firmly_on_chest;paddles_removed_after_shock;second_paddle_taken,apical_placement_zone;paddle_apical;paddle_sternal;sternal_placement_zone,polygon;rectangle,Gel applied=146;both_paddle_buttons_pressed=294;first_paddle_taken=214;paddles_firmly_on_chest=282;paddles_removed_after_shock=334;second_paddle_taken=266,Gel applied:tag|apical_placement_zone:any|both_paddle_buttons_pressed:tag|defibrillator_screen:any|first_paddle_taken:tag|learner_hand:any|paddle_apical:any|paddle_sternal:any|paddles_firmly_on_chest:tag|paddles_removed_after_shock:tag|second_paddle_taken:tag|shock_delivered_on_screen:tag|shock_symbol:any|sternal_placement_zone:any
defibliration2.zip,project_backup,defibliration2,task_38,P18_LL,P18_LL.MP4,P18_LL,P18,18,LL,,annotation,annotation,0,413,414,,,24948649,14,5,0,4,41,0,3,Gel applied;first_paddle_taken;paddles_firmly_on_chest;paddles_removed_after_shock;second_paddle_taken,apical_placement_zone;learner_hand;paddle_apical;paddle_sternal,polygon;rectangle,Gel applied=179;first_paddle_taken=253;paddles_firmly_on_chest=353;paddles_removed_after_shock=382;second_paddle_taken=319,Gel applied:tag|apical_placement_zone:any|both_paddle_buttons_pressed:tag|defibrillator_screen:any|first_paddle_taken:tag|learner_hand:any|paddle_apical:any|paddle_sternal:any|paddles_firmly_on_chest:tag|paddles_removed_after_shock:tag|second_paddle_taken:tag|shock_delivered_on_screen:tag|shock_symbol:any|sternal_placement_zone:any
defibliration2.zip,project_backup,defibliration2,task_37,P18_LS,P18_LS.MOV,P18_LS,P18,18,LS,,annotation,annotation,0,499,500,1920,1080,32016973,14,8,0,7,68,0,3,Gel applied;both_paddle_buttons_pressed;first_paddle_taken;paddles_firmly_on_chest;paddles_removed_after_shock;second_paddle_taken;shock_delivered_on_screen,apical_placement_zone;defibrillator_screen;learner_hand;paddle_apical;paddle_sternal;shock_symbol;sternal_placement_zone,polygon;rectangle,"Gel applied=182;both_paddle_buttons_pressed=422;first_paddle_taken=323,324;paddles_firmly_on_chest=402;paddles_removed_after_shock=448;second_paddle_taken=378;shock_delivered_on_screen=427",Gel applied:tag|apical_placement_zone:any|both_paddle_buttons_pressed:tag|defibrillator_screen:any|first_paddle_taken:tag|learner_hand:any|paddle_apical:any|paddle_sternal:any|paddles_firmly_on_chest:tag|paddles_removed_after_shock:tag|second_paddle_taken:tag|shock_delivered_on_screen:tag|shock_symbol:any|sternal_placement_zone:any
defibliration2.zip,project_backup,defibliration2,task_36,P18_T,P18_T.MOV,P18_T,P18,18,T,,annotation,annotation,0,502,503,1080,1920,18283897,14,6,0,6,61,0,4,Gel applied;both_paddle_buttons_pressed;first_paddle_taken;paddles_firmly_on_chest;paddles_removed_after_shock;second_paddle_taken,apical_placement_zone;learner_hand;paddle_apical;paddle_sternal;sternal_placement_zone,polygon;rectangle,Gel applied=128;both_paddle_buttons_pressed=377;first_paddle_taken=266;paddles_firmly_on_chest=376;paddles_removed_after_shock=391;second_paddle_taken=321,Gel applied:tag|apical_placement_zone:any|both_paddle_buttons_pressed:tag|defibrillator_screen:any|first_paddle_taken:tag|learner_hand:any|paddle_apical:any|paddle_sternal:any|paddles_firmly_on_chest:tag|paddles_removed_after_shock:tag|second_paddle_taken:tag|shock_delivered_on_screen:tag|shock_symbol:any|sternal_placement_zone:any
defibliration2.zip,project_backup,defibliration2,task_35,P19_LL,P19_LL.MP4,P19_LL,P19,19,LL,,annotation,annotation,0,385,386,,,23419717,14,5,0,5,49,0,4,Gel applied;first_paddle_taken;paddles_firmly_on_chest;paddles_removed_after_shock;second_paddle_taken,apical_placement_zone;learner_hand;paddle_apical;paddle_sternal,polygon;rectangle,Gel applied=156;first_paddle_taken=231;paddles_firmly_on_chest=316;paddles_removed_after_shock=333;second_paddle_taken=258,Gel applied:tag|apical_placement_zone:any|both_paddle_buttons_pressed:tag|defibrillator_screen:any|first_paddle_taken:tag|learner_hand:any|paddle_apical:any|paddle_sternal:any|paddles_firmly_on_chest:tag|paddles_removed_after_shock:tag|second_paddle_taken:tag|shock_delivered_on_screen:tag|shock_symbol:any|sternal_placement_zone:any
defibliration2.zip,project_backup,defibliration2,task_34,P19_LS,P19_LS.MOV,P19_LS,P19,19,LS,,annotation,annotation,0,451,452,1920,1080,28332231,14,6,0,5,31,0,3,Gel applied;both_paddle_buttons_pressed;first_paddle_taken;paddles_firmly_on_chest;paddles_removed_after_shock;second_paddle_taken,apical_placement_zone;defibrillator_screen;paddle_apical;paddle_sternal;sternal_placement_zone,polygon;rectangle,Gel applied=143;both_paddle_buttons_pressed=372;first_paddle_taken=261;paddles_firmly_on_chest=359;paddles_removed_after_shock=387;second_paddle_taken=298,Gel applied:tag|apical_placement_zone:any|both_paddle_buttons_pressed:tag|defibrillator_screen:any|first_paddle_taken:tag|learner_hand:any|paddle_apical:any|paddle_sternal:any|paddles_firmly_on_chest:tag|paddles_removed_after_shock:tag|second_paddle_taken:tag|shock_delivered_on_screen:tag|shock_symbol:any|sternal_placement_zone:any
defibliration2.zip,project_backup,defibliration2,task_33,P19_T,P19_T.MOV,P19_T,P19,19,T,,annotation,annotation,0,483,484,1080,1920,17572889,14,6,0,5,59,0,4,Gel applied;both_paddle_buttons_pressed;first_paddle_taken;paddles_firmly_on_chest;paddles_removed_after_shock;second_paddle_taken,apical_placement_zone;learner_hand;paddle_apical;paddle_sternal;sternal_placement_zone,polygon;rectangle,Gel applied=140;both_paddle_buttons_pressed=372;first_paddle_taken=252;paddles_firmly_on_chest=358;paddles_removed_after_shock=383;second_paddle_taken=295,Gel applied:tag|apical_placement_zone:any|both_paddle_buttons_pressed:tag|defibrillator_screen:any|first_paddle_taken:tag|learner_hand:any|paddle_apical:any|paddle_sternal:any|paddles_firmly_on_chest:tag|paddles_removed_after_shock:tag|second_paddle_taken:tag|shock_delivered_on_screen:tag|shock_symbol:any|sternal_placement_zone:any
defibliration2.zip,project_backup,defibliration2,task_32,P20_LL,P20_LL.MP4,P20_LL,P20,20,LL,,annotation,annotation,0,414,415,,,25060284,14,5,0,5,51,0,4,Gel applied;first_paddle_taken;paddles_firmly_on_chest;paddles_removed_after_shock;second_paddle_taken,apical_placement_zone;learner_hand;paddle_apical;paddle_sternal,polygon;rectangle,Gel applied=173;first_paddle_taken=283;paddles_firmly_on_chest=326;paddles_removed_after_shock=369;second_paddle_taken=318,Gel applied:tag|apical_placement_zone:any|both_paddle_buttons_pressed:tag|defibrillator_screen:any|first_paddle_taken:tag|learner_hand:any|paddle_apical:any|paddle_sternal:any|paddles_firmly_on_chest:tag|paddles_removed_after_shock:tag|second_paddle_taken:tag|shock_delivered_on_screen:tag|shock_symbol:any|sternal_placement_zone:any
defibliration2.zip,project_backup,defibliration2,task_31,P20_LS,P20_LS.MOV,P20_LS,P20,20,LS,,annotation,annotation,0,531,532,1920,1080,34316836,14,7,0,7,63,0,3,Gel applied;both_paddle_buttons_pressed;first_paddle_taken;paddles_firmly_on_chest;paddles_removed_after_shock;second_paddle_taken;shock_delivered_on_screen,apical_placement_zone;defibrillator_screen;learner_hand;paddle_apical;paddle_sternal;shock_symbol;sternal_placement_zone,polygon;rectangle,Gel applied=205;both_paddle_buttons_pressed=440;first_paddle_taken=363;paddles_firmly_on_chest=439;paddles_removed_after_shock=467;second_paddle_taken=407;shock_delivered_on_screen=442,Gel applied:tag|apical_placement_zone:any|both_paddle_buttons_pressed:tag|defibrillator_screen:any|first_paddle_taken:tag|learner_hand:any|paddle_apical:any|paddle_sternal:any|paddles_firmly_on_chest:tag|paddles_removed_after_shock:tag|second_paddle_taken:tag|shock_delivered_on_screen:tag|shock_symbol:any|sternal_placement_zone:any
defibliration2.zip,project_backup,defibliration2,task_30,P20_T,P20_T.MOV,P20_T,P20,20,T,,annotation,annotation,0,556,557,1080,1920,20268820,14,6,0,5,43,0,3,Gel applied;both_paddle_buttons_pressed;first_paddle_taken;paddles_firmly_on_chest;paddles_removed_after_shock;second_paddle_taken,apical_placement_zone;learner_hand;paddle_apical;paddle_sternal;sternal_placement_zone,polygon;rectangle,Gel applied=165;both_paddle_buttons_pressed=396;first_paddle_taken=325;paddles_firmly_on_chest=396;paddles_removed_after_shock=429;second_paddle_taken=370,Gel applied:tag|apical_placement_zone:any|both_paddle_buttons_pressed:tag|defibrillator_screen:any|first_paddle_taken:tag|learner_hand:any|paddle_apical:any|paddle_sternal:any|paddles_firmly_on_chest:tag|paddles_removed_after_shock:tag|second_paddle_taken:tag|shock_delivered_on_screen:tag|shock_symbol:any|sternal_placement_zone:any
defibliration2.zip,project_backup,defibliration2,task_29,P21_LL,P21_LL.MP4,P21_LL,P21,21,LL,,annotation,annotation,0,396,397,,,24046792,14,4,0,5,66,0,4,Gel applied;first_paddle_taken;paddles_removed_after_shock;second_paddle_taken,apical_placement_zone;learner_hand;paddle_apical;paddle_sternal,polygon;rectangle,Gel applied=163;first_paddle_taken=247;paddles_removed_after_shock=337;second_paddle_taken=273,Gel applied:tag|apical_placement_zone:any|both_paddle_buttons_pressed:tag|defibrillator_screen:any|first_paddle_taken:tag|learner_hand:any|paddle_apical:any|paddle_sternal:any|paddles_firmly_on_chest:tag|paddles_removed_after_shock:tag|second_paddle_taken:tag|shock_delivered_on_screen:tag|shock_symbol:any|sternal_placement_zone:any
defibliration2.zip,project_backup,defibliration2,task_28,P21_LS,P21_LS.MOV,P21_LS,P21,21,LS,,annotation,annotation,0,485,486,1920,1080,31706216,14,6,0,6,39,0,3,Gel applied;both_paddle_buttons_pressed;first_paddle_taken;paddles_firmly_on_chest;paddles_removed_after_shock;second_paddle_taken,apical_placement_zone;defibrillator_screen;learner_hand;paddle_apical;paddle_sternal;sternal_placement_zone,polygon;rectangle,Gel applied=220;both_paddle_buttons_pressed=407;first_paddle_taken=325;paddles_firmly_on_chest=410;paddles_removed_after_shock=429;second_paddle_taken=365,Gel applied:tag|apical_placement_zone:any|both_paddle_buttons_pressed:tag|defibrillator_screen:any|first_paddle_taken:tag|learner_hand:any|paddle_apical:any|paddle_sternal:any|paddles_firmly_on_chest:tag|paddles_removed_after_shock:tag|second_paddle_taken:tag|shock_delivered_on_screen:tag|shock_symbol:any|sternal_placement_zone:any
defibliration2.zip,project_backup,defibliration2,task_27,P21_T,P21_T.MOV,P21_T,P21,21,T,,annotation,annotation,0,453,454,1080,1920,16540078,14,6,0,5,46,0,3,Gel applied;both_paddle_buttons_pressed;first_paddle_taken;paddles_firmly_on_chest;paddles_removed_after_shock;second_paddle_taken,apical_placement_zone;learner_hand;paddle_apical;paddle_sternal;sternal_placement_zone,polygon;rectangle,Gel applied=156;both_paddle_buttons_pressed=373;first_paddle_taken=275;paddles_firmly_on_chest=358;paddles_removed_after_shock=384;second_paddle_taken=321,Gel applied:tag|apical_placement_zone:any|both_paddle_buttons_pressed:tag|defibrillator_screen:any|first_paddle_taken:tag|learner_hand:any|paddle_apical:any|paddle_sternal:any|paddles_firmly_on_chest:tag|paddles_removed_after_shock:tag|second_paddle_taken:tag|shock_delivered_on_screen:tag|shock_symbol:any|sternal_placement_zone:any
defibliration2.zip,project_backup,defibliration2,task_26,P22_LL,P22_LL.MP4,P22_LL,P22,22,LL,,annotation,annotation,0,1041,1042,,,62417737,14,5,0,4,56,0,3,Gel applied;first_paddle_taken;paddles_firmly_on_chest;paddles_removed_after_shock;second_paddle_taken,apical_placement_zone;learner_hand;paddle_apical;paddle_sternal,polygon;rectangle,Gel applied=427;first_paddle_taken=698;paddles_firmly_on_chest=850;paddles_removed_after_shock=937;second_paddle_taken=805,Gel applied:tag|apical_placement_zone:any|both_paddle_buttons_pressed:tag|defibrillator_screen:any|first_paddle_taken:tag|learner_hand:any|paddle_apical:any|paddle_sternal:any|paddles_firmly_on_chest:tag|paddles_removed_after_shock:tag|second_paddle_taken:tag|shock_delivered_on_screen:tag|shock_symbol:any|sternal_placement_zone:any
defibliration2.zip,project_backup,defibliration2,task_25,P22_LS,P22_LS.MOV,P22_LS,P22,22,LS,,annotation,annotation,0,1227,1228,1920,1080,79344776,14,6,0,7,60,0,3,Gel applied;both_paddle_buttons_pressed;first_paddle_taken;paddles_firmly_on_chest;paddles_removed_after_shock;second_paddle_taken,apical_placement_zone;defibrillator_screen;learner_hand;paddle_apical;paddle_sternal;shock_symbol;sternal_placement_zone,polygon;rectangle,Gel applied=506;both_paddle_buttons_pressed=1031;first_paddle_taken=848;paddles_firmly_on_chest=1023;paddles_removed_after_shock=1140;second_paddle_taken=984,Gel applied:tag|apical_placement_zone:any|both_paddle_buttons_pressed:tag|defibrillator_screen:any|first_paddle_taken:tag|learner_hand:any|paddle_apical:any|paddle_sternal:any|paddles_firmly_on_chest:tag|paddles_removed_after_shock:tag|second_paddle_taken:tag|shock_delivered_on_screen:tag|shock_symbol:any|sternal_placement_zone:any
defibliration2.zip,project_backup,defibliration2,task_24,P22_T,P22_T.MOV,P22_T,P22,22,T,,annotation,annotation,0,1167,1168,1080,1920,42591862,14,6,0,5,73,0,3,Gel applied;both_paddle_buttons_pressed;first_paddle_taken;paddles_firmly_on_chest;paddles_removed_after_shock;second_paddle_taken,apical_placement_zone;learner_hand;paddle_apical;paddle_sternal;sternal_placement_zone,polygon;rectangle,Gel applied=454;both_paddle_buttons_pressed=982;first_paddle_taken=801;paddles_firmly_on_chest=982;paddles_removed_after_shock=1091;second_paddle_taken=935,Gel applied:tag|apical_placement_zone:any|both_paddle_buttons_pressed:tag|defibrillator_screen:any|first_paddle_taken:tag|learner_hand:any|paddle_apical:any|paddle_sternal:any|paddles_firmly_on_chest:tag|paddles_removed_after_shock:tag|second_paddle_taken:tag|shock_delivered_on_screen:tag|shock_symbol:any|sternal_placement_zone:any
defibliration2.zip,project_backup,defibliration2,task_23,P23_LL,P23_LL.MP4,P23_LL,P23,23,LL,,annotation,annotation,0,491,492,,,29541355,14,5,0,3,41,0,2,Gel applied;first_paddle_taken;paddles_firmly_on_chest;paddles_removed_after_shock;second_paddle_taken,learner_hand;paddle_apical;sternal_placement_zone,polygon;rectangle,Gel applied=177;first_paddle_taken=297;paddles_firmly_on_chest=388;paddles_removed_after_shock=426;second_paddle_taken=352,Gel applied:tag|apical_placement_zone:any|both_paddle_buttons_pressed:tag|defibrillator_screen:any|first_paddle_taken:tag|learner_hand:any|paddle_apical:any|paddle_sternal:any|paddles_firmly_on_chest:tag|paddles_removed_after_shock:tag|second_paddle_taken:tag|shock_delivered_on_screen:tag|shock_symbol:any|sternal_placement_zone:any
defibliration2.zip,project_backup,defibliration2,task_22,P23_LS,P23_LS.MOV,P23_LS,P23,23,LS,,annotation,annotation,0,592,593,1920,1080,38096894,14,6,0,7,67,0,3,Gel applied;both_paddle_buttons_pressed;first_paddle_taken;paddles_firmly_on_chest;paddles_removed_after_shock;second_paddle_taken,apical_placement_zone;defibrillator_screen;learner_hand;paddle_apical;paddle_sternal;shock_symbol;sternal_placement_zone,polygon;rectangle,Gel applied=192;both_paddle_buttons_pressed=480;first_paddle_taken=373;paddles_firmly_on_chest=461;paddles_removed_after_shock=518;second_paddle_taken=432,Gel applied:tag|apical_placement_zone:any|both_paddle_buttons_pressed:tag|defibrillator_screen:any|first_paddle_taken:tag|learner_hand:any|paddle_apical:any|paddle_sternal:any|paddles_firmly_on_chest:tag|paddles_removed_after_shock:tag|second_paddle_taken:tag|shock_delivered_on_screen:tag|shock_symbol:any|sternal_placement_zone:any
defibliration2.zip,project_backup,defibliration2,task_21,P23_T,P23_T.MOV,P23_T,P23,23,T,,annotation,annotation,0,559,560,1080,1920,20397934,14,0,0,5,39,0,3,,apical_placement_zone;learner_hand;paddle_apical;paddle_sternal;sternal_placement_zone,polygon;rectangle,,Gel applied:tag|apical_placement_zone:any|both_paddle_buttons_pressed:tag|defibrillator_screen:any|first_paddle_taken:tag|learner_hand:any|paddle_apical:any|paddle_sternal:any|paddles_firmly_on_chest:tag|paddles_removed_after_shock:tag|second_paddle_taken:tag|shock_delivered_on_screen:tag|shock_symbol:any|sternal_placement_zone:any
defibliration2.zip,project_backup,defibliration2,task_20,P24_LL,P24_LL.MP4,P24_LL,P24,24,LL,,annotation,annotation,0,407,408,,,24538628,14,6,0,4,43,0,3,Gel applied;first_paddle_taken;paddles_firmly_on_chest;paddles_removed_after_shock;second_paddle_taken,apical_placement_zone;learner_hand;paddle_apical;paddle_sternal,polygon;rectangle,"Gel applied=159;first_paddle_taken=246;paddles_firmly_on_chest=315;paddles_removed_after_shock=338;second_paddle_taken=292,293",Gel applied:tag|apical_placement_zone:any|both_paddle_buttons_pressed:tag|defibrillator_screen:any|first_paddle_taken:tag|learner_hand:any|paddle_apical:any|paddle_sternal:any|paddles_firmly_on_chest:tag|paddles_removed_after_shock:tag|second_paddle_taken:tag|shock_delivered_on_screen:tag|shock_symbol:any|sternal_placement_zone:any
defibliration2.zip,project_backup,defibliration2,task_19,P24_LS,P24_LS.MOV,P24_LS,P24,24,LS,,annotation,annotation,0,508,509,1920,1080,33268876,14,6,0,7,404,0,3,Gel applied;both_paddle_buttons_pressed;first_paddle_taken;paddles_firmly_on_chest;paddles_removed_after_shock;second_paddle_taken,apical_placement_zone;defibrillator_screen;learner_hand;paddle_apical;paddle_sternal;shock_symbol;sternal_placement_zone,polygon;rectangle,Gel applied=185;both_paddle_buttons_pressed=401;first_paddle_taken=311;paddles_firmly_on_chest=385;paddles_removed_after_shock=425;second_paddle_taken=367,Gel applied:tag|apical_placement_zone:any|both_paddle_buttons_pressed:tag|defibrillator_screen:any|first_paddle_taken:tag|learner_hand:any|paddle_apical:any|paddle_sternal:any|paddles_firmly_on_chest:tag|paddles_removed_after_shock:tag|second_paddle_taken:tag|shock_delivered_on_screen:tag|shock_symbol:any|sternal_placement_zone:any
defibliration2.zip,project_backup,defibliration2,task_18,P24_T,P24_T.MOV,P24_T,P24,24,T,,annotation,annotation,0,352,353,1080,1920,13020441,14,6,0,5,48,0,2,Gel applied;both_paddle_buttons_pressed;first_paddle_taken;paddles_firmly_on_chest;paddles_removed_after_shock;second_paddle_taken,apical_placement_zone;learner_hand;paddle_apical;paddle_sternal;sternal_placement_zone,polygon;rectangle,Gel applied=109;both_paddle_buttons_pressed=314;first_paddle_taken=234;paddles_firmly_on_chest=311;paddles_removed_after_shock=344;second_paddle_taken=290,Gel applied:tag|apical_placement_zone:any|both_paddle_buttons_pressed:tag|defibrillator_screen:any|first_paddle_taken:tag|learner_hand:any|paddle_apical:any|paddle_sternal:any|paddles_firmly_on_chest:tag|paddles_removed_after_shock:tag|second_paddle_taken:tag|shock_delivered_on_screen:tag|shock_symbol:any|sternal_placement_zone:any
defibliration2.zip,project_backup,defibliration2,task_17,P25_LL,P25_LL.MP4,P25_LL,P25,25,LL,,annotation,annotation,0,462,463,,,27924602,14,5,0,5,58,0,6,Gel applied;first_paddle_taken;paddles_firmly_on_chest;paddles_removed_after_shock;second_paddle_taken,apical_placement_zone;learner_hand;paddle_apical;paddle_sternal,polygon;rectangle,Gel applied=165;first_paddle_taken=255;paddles_firmly_on_chest=315;paddles_removed_after_shock=376;second_paddle_taken=308,Gel applied:tag|apical_placement_zone:any|both_paddle_buttons_pressed:tag|defibrillator_screen:any|first_paddle_taken:tag|learner_hand:any|paddle_apical:any|paddle_sternal:any|paddles_firmly_on_chest:tag|paddles_removed_after_shock:tag|second_paddle_taken:tag|shock_delivered_on_screen:tag|shock_symbol:any|sternal_placement_zone:any
defibliration2.zip,project_backup,defibliration2,task_16,P25_LS,P25_LS.MOV,P25_LS,P25,25,LS,,annotation,annotation,0,565,566,1920,1080,36960534,14,0,0,4,611,0,0,,apical_placement_zone;defibrillator_screen;shock_symbol;sternal_placement_zone,polygon;rectangle,,Gel applied:tag|apical_placement_zone:any|both_paddle_buttons_pressed:tag|defibrillator_screen:any|first_paddle_taken:tag|learner_hand:any|paddle_apical:any|paddle_sternal:any|paddles_firmly_on_chest:tag|paddles_removed_after_shock:tag|second_paddle_taken:tag|shock_delivered_on_screen:tag|shock_symbol:any|sternal_placement_zone:any
defibliration2.zip,project_backup,defibliration2,task_15,P25_T,P25_T.MOV,P25_T,P25,25,T,,annotation,annotation,0,514,515,1080,1920,18787158,14,8,0,6,106,0,3,Gel applied;both_paddle_buttons_pressed;first_paddle_taken;paddles_firmly_on_chest;paddles_removed_after_shock;second_paddle_taken,apical_placement_zone;defibrillator_screen;learner_hand;paddle_apical;paddle_sternal;sternal_placement_zone,polygon;rectangle,"Gel applied=159,160;both_paddle_buttons_pressed=405;first_paddle_taken=304;paddles_firmly_on_chest=391;paddles_removed_after_shock=442;second_paddle_taken=363,365",Gel applied:tag|apical_placement_zone:any|both_paddle_buttons_pressed:tag|defibrillator_screen:any|first_paddle_taken:tag|learner_hand:any|paddle_apical:any|paddle_sternal:any|paddles_firmly_on_chest:tag|paddles_removed_after_shock:tag|second_paddle_taken:tag|shock_delivered_on_screen:tag|shock_symbol:any|sternal_placement_zone:any
defibliration2.zip,project_backup,defibliration2,task_14,P26_LL.,P26_LL.MP4,P26_LL,P26,26,LL,,annotation,annotation,0,481,482,,,29141655,14,7,0,4,100,0,3,Gel applied;first_paddle_taken;paddles_firmly_on_chest;paddles_removed_after_shock;second_paddle_taken,apical_placement_zone;learner_hand;paddle_apical;paddle_sternal,polygon;rectangle,"Gel applied=148;first_paddle_taken=263,264;paddles_firmly_on_chest=309;paddles_removed_after_shock=379;second_paddle_taken=281,282",Gel applied:tag|apical_placement_zone:any|both_paddle_buttons_pressed:tag|defibrillator_screen:any|first_paddle_taken:tag|learner_hand:any|paddle_apical:any|paddle_sternal:any|paddles_firmly_on_chest:tag|paddles_removed_after_shock:tag|second_paddle_taken:tag|shock_delivered_on_screen:tag|shock_symbol:any|sternal_placement_zone:any
defibliration2.zip,project_backup,defibliration2,task_13,P26_LS,P26_LS.MOV,P26_LS,P26,26,LS,,annotation,annotation,0,599,600,1920,1080,38476384,14,6,0,7,161,0,4,Gel applied;both_paddle_buttons_pressed;first_paddle_taken;paddles_firmly_on_chest;paddles_removed_after_shock;second_paddle_taken,apical_placement_zone;defibrillator_screen;learner_hand;paddle_apical;paddle_sternal;sternal_placement_zone,polygon;rectangle,Gel applied=178;both_paddle_buttons_pressed=412;first_paddle_taken=338;paddles_firmly_on_chest=393;paddles_removed_after_shock=476;second_paddle_taken=369,Gel applied:tag|apical_placement_zone:any|both_paddle_buttons_pressed:tag|defibrillator_screen:any|first_paddle_taken:tag|learner_hand:any|paddle_apical:any|paddle_sternal:any|paddles_firmly_on_chest:tag|paddles_removed_after_shock:tag|second_paddle_taken:tag|shock_delivered_on_screen:tag|shock_symbol:any|sternal_placement_zone:any
defibliration2.zip,project_backup,defibliration2,task_12,P26_T,P26_T.MOV,P26_T,P26,26,T,,annotation,annotation,0,554,555,1080,1920,20094342,14,6,0,6,90,0,3,Gel applied;both_paddle_buttons_pressed;first_paddle_taken;paddles_firmly_on_chest;paddles_removed_after_shock;second_paddle_taken,apical_placement_zone;defibrillator_screen;learner_hand;paddle_apical;paddle_sternal;sternal_placement_zone,polygon;rectangle,Gel applied=133;both_paddle_buttons_pressed=379;first_paddle_taken=299;paddles_firmly_on_chest=352;paddles_removed_after_shock=435;second_paddle_taken=337,Gel applied:tag|apical_placement_zone:any|both_paddle_buttons_pressed:tag|defibrillator_screen:any|first_paddle_taken:tag|learner_hand:any|paddle_apical:any|paddle_sternal:any|paddles_firmly_on_chest:tag|paddles_removed_after_shock:tag|second_paddle_taken:tag|shock_delivered_on_screen:tag|shock_symbol:any|sternal_placement_zone:any
defibliration2.zip,project_backup,defibliration2,task_11,P27_LL,P27_LL.MP4,P27_LL,P27,27,LL,,annotation,annotation,0,488,489,,,29421073,14,5,0,7,121,0,6,Gel applied;first_paddle_taken;paddles_firmly_on_chest;paddles_removed_after_shock;second_paddle_taken,apical_placement_zone;learner_hand;paddle_apical;paddle_sternal,polygon;rectangle,Gel applied=128;first_paddle_taken=256;paddles_firmly_on_chest=318;paddles_removed_after_shock=366;second_paddle_taken=311,Gel applied:tag|apical_placement_zone:any|both_paddle_buttons_pressed:tag|defibrillator_screen:any|first_paddle_taken:tag|learner_hand:any|paddle_apical:any|paddle_sternal:any|paddles_firmly_on_chest:tag|paddles_removed_after_shock:tag|second_paddle_taken:tag|shock_delivered_on_screen:tag|shock_symbol:any|sternal_placement_zone:any
defibliration2.zip,project_backup,defibliration2,task_10,P27_LS,P27_LS.MOV,P27_LS,P27,27,LS,,annotation,annotation,0,527,528,1920,1080,34304354,14,7,0,8,105,0,4,Gel applied;both_paddle_buttons_pressed;first_paddle_taken;paddles_firmly_on_chest;paddles_removed_after_shock;second_paddle_taken;shock_delivered_on_screen,apical_placement_zone;defibrillator_screen;learner_hand;paddle_apical;paddle_sternal;shock_symbol;sternal_placement_zone,polygon;rectangle,Gel applied=174;both_paddle_buttons_pressed=423;first_paddle_taken=329;paddles_firmly_on_chest=401;paddles_removed_after_shock=450;second_paddle_taken=392;shock_delivered_on_screen=424,Gel applied:tag|apical_placement_zone:any|both_paddle_buttons_pressed:tag|defibrillator_screen:any|first_paddle_taken:tag|learner_hand:any|paddle_apical:any|paddle_sternal:any|paddles_firmly_on_chest:tag|paddles_removed_after_shock:tag|second_paddle_taken:tag|shock_delivered_on_screen:tag|shock_symbol:any|sternal_placement_zone:any
defibliration2.zip,project_backup,defibliration2,task_9,P27_T,P27_T.MOV,P27_T,P27,27,T,,annotation,annotation,0,491,492,1080,1920,17888260,14,6,0,7,98,0,4,Gel applied;both_paddle_buttons_pressed;first_paddle_taken;paddles_removed_after_shock;second_paddle_taken,apical_placement_zone;defibrillator_screen;learner_hand;paddle_apical;paddle_sternal;sternal_placement_zone,polygon;rectangle,"Gel applied=148;both_paddle_buttons_pressed=368,374;first_paddle_taken=287;paddles_removed_after_shock=415;second_paddle_taken=351",Gel applied:tag|apical_placement_zone:any|both_paddle_buttons_pressed:tag|defibrillator_screen:any|first_paddle_taken:tag|learner_hand:any|paddle_apical:any|paddle_sternal:any|paddles_firmly_on_chest:tag|paddles_removed_after_shock:tag|second_paddle_taken:tag|shock_delivered_on_screen:tag|shock_symbol:any|sternal_placement_zone:any
defibliration2.zip,project_backup,defibliration2,task_8,P28_LL,P28_LL.MP4,P28_LL,P28,28,LL,,annotation,annotation,0,535,536,,,32318895,14,6,0,6,135,0,5,Gel applied;both_paddle_buttons_pressed;first_paddle_taken;paddles_firmly_on_chest;paddles_removed_after_shock;second_paddle_taken,apical_placement_zone;learner_hand;paddle_apical;paddle_sternal,polygon;rectangle,Gel applied=220;both_paddle_buttons_pressed=451;first_paddle_taken=351;paddles_firmly_on_chest=444;paddles_removed_after_shock=494;second_paddle_taken=416,Gel applied:tag|apical_placement_zone:any|both_paddle_buttons_pressed:tag|defibrillator_screen:any|first_paddle_taken:tag|learner_hand:any|paddle_apical:any|paddle_sternal:any|paddles_firmly_on_chest:tag|paddles_removed_after_shock:tag|second_paddle_taken:tag|shock_delivered_on_screen:tag|shock_symbol:any|sternal_placement_zone:any
defibliration2.zip,project_backup,defibliration2,task_7,P28_LS,P28_LS.MOV,P28_LS,P28,28,LS,,annotation,annotation,0,668,669,1920,1080,43235976,14,7,0,11,196,0,7,Gel applied;both_paddle_buttons_pressed;first_paddle_taken;paddles_firmly_on_chest;paddles_removed_after_shock;second_paddle_taken;shock_delivered_on_screen,apical_placement_zone;defibrillator_screen;learner_hand;paddle_apical;paddle_sternal;shock_symbol;sternal_placement_zone,polygon;rectangle,Gel applied=264;both_paddle_buttons_pressed=551;first_paddle_taken=442;paddles_firmly_on_chest=532;paddles_removed_after_shock=603;second_paddle_taken=519;shock_delivered_on_screen=559,Gel applied:tag|apical_placement_zone:any|both_paddle_buttons_pressed:tag|defibrillator_screen:any|first_paddle_taken:tag|learner_hand:any|paddle_apical:any|paddle_sternal:any|paddles_firmly_on_chest:tag|paddles_removed_after_shock:tag|second_paddle_taken:tag|shock_delivered_on_screen:tag|shock_symbol:any|sternal_placement_zone:any
defibliration2.zip,project_backup,defibliration2,task_6,P28_T,P28_T.MOV,P28_T,P28,28,T,,annotation,annotation,0,645,646,1080,1920,23570547,14,6,0,5,116,0,2,Gel applied;both_paddle_buttons_pressed;first_paddle_taken;paddles_firmly_on_chest;paddles_removed_after_shock;second_paddle_taken,apical_placement_zone;defibrillator_screen;paddle_apical;paddle_sternal;sternal_placement_zone,polygon;rectangle,Gel applied=222;both_paddle_buttons_pressed=518;first_paddle_taken=412;paddles_firmly_on_chest=502;paddles_removed_after_shock=574;second_paddle_taken=491,Gel applied:tag|apical_placement_zone:any|both_paddle_buttons_pressed:tag|defibrillator_screen:any|first_paddle_taken:tag|learner_hand:any|paddle_apical:any|paddle_sternal:any|paddles_firmly_on_chest:tag|paddles_removed_after_shock:tag|second_paddle_taken:tag|shock_delivered_on_screen:tag|shock_symbol:any|sternal_placement_zone:any
defibliration2.zip,project_backup,defibliration2,task_5,P29_LL,P29_LL.MP4,P29_LL,P29,29,LL,,annotation,annotation,0,463,464,,,28027418,14,5,0,6,162,0,5,Gel applied;first_paddle_taken;paddles_firmly_on_chest;paddles_removed_after_shock;second_paddle_taken,apical_placement_zone;learner_hand;paddle_apical;paddle_sternal,polygon;rectangle,Gel applied=222;first_paddle_taken=306;paddles_firmly_on_chest=355;paddles_removed_after_shock=409;second_paddle_taken=332,Gel applied:tag|apical_placement_zone:any|both_paddle_buttons_pressed:tag|defibrillator_screen:any|first_paddle_taken:tag|learner_hand:any|paddle_apical:any|paddle_sternal:any|paddles_firmly_on_chest:tag|paddles_removed_after_shock:tag|second_paddle_taken:tag|shock_delivered_on_screen:tag|shock_symbol:any|sternal_placement_zone:any
defibliration2.zip,project_backup,defibliration2,task_4,P29_LS,P29_LS.MOV,P29_LS,P29,29,LS,,annotation,annotation,0,588,589,1920,1080,38638785,14,7,1,8,200,0,4,Gel applied;both_paddle_buttons_pressed;first_paddle_taken;paddles_firmly_on_chest;paddles_removed_after_shock;second_paddle_taken;shock_delivered_on_screen,apical_placement_zone;defibrillator_screen;learner_hand;paddle_apical;paddle_sternal;shock_symbol;sternal_placement_zone,polygon;rectangle,Gel applied=241;both_paddle_buttons_pressed=462;first_paddle_taken=382;paddles_firmly_on_chest=440;paddles_removed_after_shock=504;second_paddle_taken=424;shock_delivered_on_screen=462,Gel applied:tag|apical_placement_zone:any|both_paddle_buttons_pressed:tag|defibrillator_screen:any|first_paddle_taken:tag|learner_hand:any|paddle_apical:any|paddle_sternal:any|paddles_firmly_on_chest:tag|paddles_removed_after_shock:tag|second_paddle_taken:tag|shock_delivered_on_screen:tag|shock_symbol:any|sternal_placement_zone:any
defibliration2.zip,project_backup,defibliration2,task_3,P29_T,P29_T.MOV,P29_T,P29,29,T,,annotation,annotation,0,510,511,1080,1920,18671651,14,6,0,8,126,0,5,Gel applied;both_paddle_buttons_pressed;first_paddle_taken;paddles_firmly_on_chest;paddles_removed_after_shock;second_paddle_taken,apical_placement_zone;defibrillator_screen;learner_hand;paddle_apical;paddle_sternal;sternal_placement_zone,polygon;rectangle,Gel applied=216;both_paddle_buttons_pressed=414;first_paddle_taken=339;paddles_firmly_on_chest=396;paddles_removed_after_shock=459;second_paddle_taken=389,Gel applied:tag|apical_placement_zone:any|both_paddle_buttons_pressed:tag|defibrillator_screen:any|first_paddle_taken:tag|learner_hand:any|paddle_apical:any|paddle_sternal:any|paddles_firmly_on_chest:tag|paddles_removed_after_shock:tag|second_paddle_taken:tag|shock_delivered_on_screen:tag|shock_symbol:any|sternal_placement_zone:any
defibliration2.zip,project_backup,defibliration2,task_2,P30_LL.,P30_LL.MP4,P30_LL,P30,30,LL,,annotation,annotation,0,403,404,,,24447929,14,5,0,6,95,0,5,Gel applied;first_paddle_taken;paddles_firmly_on_chest;paddles_removed_after_shock;second_paddle_taken,apical_placement_zone;learner_hand;paddle_apical;paddle_sternal,polygon;rectangle,Gel applied=140;first_paddle_taken=205;paddles_firmly_on_chest=314;paddles_removed_after_shock=322;second_paddle_taken=268,Gel applied:tag|apical_placement_zone:any|both_paddle_buttons_pressed:tag|defibrillator_screen:any|first_paddle_taken:tag|learner_hand:any|paddle_apical:any|paddle_sternal:any|paddles_firmly_on_chest:tag|paddles_removed_after_shock:tag|second_paddle_taken:tag|shock_delivered_on_screen:tag|shock_symbol:any|sternal_placement_zone:any
defibliration2.zip,project_backup,defibliration2,task_1,P30_LS,P30_LS.MOV,P30_LS,P30,30,LS,,annotation,annotation,0,531,532,1920,1080,34641257,14,5,0,9,119,0,6,Gel applied;both_paddle_buttons_pressed;paddles_firmly_on_chest;paddles_removed_after_shock;second_paddle_taken,apical_placement_zone;defibrillator_screen;learner_hand;paddle_apical;paddle_sternal;sternal_placement_zone,polygon;rectangle,Gel applied=184;both_paddle_buttons_pressed=404;paddles_firmly_on_chest=377;paddles_removed_after_shock=424;second_paddle_taken=360,Gel applied:tag|apical_placement_zone:any|both_paddle_buttons_pressed:tag|defibrillator_screen:any|first_paddle_taken:tag|learner_hand:any|paddle_apical:any|paddle_sternal:any|paddles_firmly_on_chest:tag|paddles_removed_after_shock:tag|second_paddle_taken:tag|shock_delivered_on_screen:tag|shock_symbol:any|sternal_placement_zone:any
defibliration2.zip,project_backup,defibliration2,task_0,P30_T,P30_T.MOV,P30_T,P30,30,T,,annotation,annotation,0,495,496,1080,1920,17960294,14,6,0,6,79,11,4,Gel applied;both_paddle_buttons_pressed;first_paddle_taken;paddles_firmly_on_chest;paddles_removed_after_shock;second_paddle_taken,apical_placement_zone;defibrillator_screen;learner_hand;paddle_apical;sternal_placement_zone,polygon;rectangle,Gel applied=146;both_paddle_buttons_pressed=358;first_paddle_taken=252;paddles_firmly_on_chest=340;paddles_removed_after_shock=400;second_paddle_taken=327,Gel applied:tag|apical_placement_zone:any|both_paddle_buttons_pressed:tag|defibrillator_screen:any|first_paddle_taken:tag|learner_hand:any|paddle_apical:any|paddle_sternal:any|paddles_firmly_on_chest:tag|paddles_removed_after_shock:tag|second_paddle_taken:tag|shock_delivered_on_screen:tag|shock_symbol:any|sternal_placement_zone:any
kartheepan/P31_LL.zip,task_backup,kartheepan,.,P31_LL,P31_LL.MP4,P31_LL,P31,31,LL,,annotation,annotation,0,481,482,,,29120319,14,2,0,3,112,69,2,first_paddle_taken;paddles_removed_after_shock,apical_placement_zone;learner_hand;paddle_apical,rectangle,first_paddle_taken=304;paddles_removed_after_shock=400,Gel applied:tag|apical_placement_zone:any|both_paddle_buttons_pressed:tag|defibrillator_screen:any|first_paddle_taken:tag|learner_hand:any|paddle_apical:any|paddle_sternal:any|paddles_firmly_on_chest:tag|paddles_removed_after_shock:tag|second_paddle_taken:tag|shock_delivered_on_screen:tag|shock_symbol:any|sternal_placement_zone:any
kartheepan/P31_LS.zip,task_backup,kartheepan,.,P31_LS,P31_LS.mp4,P31_LS,P31,31,LS,Train,annotation,annotation,0,621,622,,,31385560,14,6,0,7,133,47,3,Gel applied;first_paddle_taken;paddles_firmly_on_chest;paddles_removed_after_shock;second_paddle_taken;shock_delivered_on_screen,apical_placement_zone;defibrillator_screen;learner_hand;paddle_apical;paddle_sternal;shock_symbol;sternal_placement_zone,rectangle,Gel applied=194;first_paddle_taken=348;paddles_firmly_on_chest=431;paddles_removed_after_shock=459;second_paddle_taken=401;shock_delivered_on_screen=435,Gel applied:tag|apical_placement_zone:any|both_paddle_buttons_pressed:tag|defibrillator_screen:any|first_paddle_taken:tag|learner_hand:any|paddle_apical:any|paddle_sternal:any|paddles_firmly_on_chest:tag|paddles_removed_after_shock:tag|second_paddle_taken:tag|shock_delivered_on_screen:tag|shock_symbol:any|sternal_placement_zone:any
kartheepan/P31_T.zip,task_backup,kartheepan,.,P31_T,P31_T.MOV,P31_T,P31,31,T,Train,annotation,annotation,0,1072,1073,1920,1080,70040405,14,5,0,7,135,3,8,both_paddle_buttons_pressed;first_paddle_taken;paddles_firmly_on_chest;paddles_removed_after_shock;second_paddle_taken,apical_placement_zone;defibrillator_screen;learner_hand;paddle_apical;paddle_sternal;sternal_placement_zone,rectangle,both_paddle_buttons_pressed=571;first_paddle_taken=404;paddles_firmly_on_chest=533;paddles_removed_after_shock=590;second_paddle_taken=487,Gel applied:tag|apical_placement_zone:any|both_paddle_buttons_pressed:tag|defibrillator_screen:any|first_paddle_taken:tag|learner_hand:any|paddle_apical:any|paddle_sternal:any|paddles_firmly_on_chest:tag|paddles_removed_after_shock:tag|second_paddle_taken:tag|shock_delivered_on_screen:tag|shock_symbol:any|sternal_placement_zone:any
kartheepan/P32_LL.zip,task_backup,kartheepan,.,P32_LL,P32_LL.MP4,P32_LL,P32,32,LL,Train,annotation,annotation,0,413,414,,,24967240,14,3,0,3,107,69,2,Gel applied;first_paddle_taken;paddles_removed_after_shock,apical_placement_zone;learner_hand;paddle_apical,rectangle,Gel applied=177;first_paddle_taken=274;paddles_removed_after_shock=354,Gel applied:tag|apical_placement_zone:any|both_paddle_buttons_pressed:tag|defibrillator_screen:any|first_paddle_taken:tag|learner_hand:any|paddle_apical:any|paddle_sternal:any|paddles_firmly_on_chest:tag|paddles_removed_after_shock:tag|second_paddle_taken:tag|shock_delivered_on_screen:tag|shock_symbol:any|sternal_placement_zone:any
kartheepan/P32_LS.zip,task_backup,kartheepan,.,P32_LS,P32_LS.mp4,P32_LS,P32,32,LS,Train,annotation,annotation,0,575,576,,,29356398,14,8,0,7,104,0,3,Gel applied;both_paddle_buttons_pressed;first_paddle_taken;paddles_firmly_on_chest;paddles_removed_after_shock;second_paddle_taken;shock_delivered_on_screen,apical_placement_zone;defibrillator_screen;learner_hand;paddle_apical;paddle_sternal;shock_symbol;sternal_placement_zone,rectangle,"Gel applied=179,210;both_paddle_buttons_pressed=414;first_paddle_taken=330;paddles_firmly_on_chest=405;paddles_removed_after_shock=423;second_paddle_taken=384;shock_delivered_on_screen=415",Gel applied:tag|apical_placement_zone:any|both_paddle_buttons_pressed:tag|defibrillator_screen:any|first_paddle_taken:tag|learner_hand:any|paddle_apical:any|paddle_sternal:any|paddles_firmly_on_chest:tag|paddles_removed_after_shock:tag|second_paddle_taken:tag|shock_delivered_on_screen:tag|shock_symbol:any|sternal_placement_zone:any
kartheepan/P32_T.zip,task_backup,kartheepan,.,P32_T,P32_T.MOV,P32_T,P32,32,T,,annotation,annotation,0,530,531,1080,1920,34102521,14,6,0,6,78,41,4,Gel applied;both_paddle_buttons_pressed;first_paddle_taken;paddles_firmly_on_chest;paddles_removed_after_shock;second_paddle_taken,apical_placement_zone;defibrillator_screen;learner_hand;paddle_apical;paddle_sternal;sternal_placement_zone,rectangle,Gel applied=195;both_paddle_buttons_pressed=427;first_paddle_taken=349;paddles_firmly_on_chest=425;paddles_removed_after_shock=440;second_paddle_taken=399,Gel applied:tag|apical_placement_zone:any|both_paddle_buttons_pressed:tag|defibrillator_screen:any|first_paddle_taken:tag|learner_hand:any|paddle_apical:any|paddle_sternal:any|paddles_firmly_on_chest:tag|paddles_removed_after_shock:tag|second_paddle_taken:tag|shock_delivered_on_screen:tag|shock_symbol:any|sternal_placement_zone:any
kartheepan/P33_LL.zip,task_backup,kartheepan,.,P33_LL,P33_LL.MP4,P33_LL,P33,33,LL,,annotation,annotation,0,790,791,,,47423822,14,5,0,4,141,44,3,Gel applied;first_paddle_taken;paddles_firmly_on_chest;paddles_removed_after_shock;second_paddle_taken,apical_placement_zone;learner_hand;paddle_apical;paddle_sternal,rectangle,Gel applied=378;first_paddle_taken=564;paddles_firmly_on_chest=680;paddles_removed_after_shock=726;second_paddle_taken=592,Gel applied:tag|apical_placement_zone:any|both_paddle_buttons_pressed:tag|defibrillator_screen:any|first_paddle_taken:tag|learner_hand:any|paddle_apical:any|paddle_sternal:any|paddles_firmly_on_chest:tag|paddles_removed_after_shock:tag|second_paddle_taken:tag|shock_delivered_on_screen:tag|shock_symbol:any|sternal_placement_zone:any
kartheepan/P33_LS.zip,task_backup,kartheepan,.,P33_LS,P33_LS.mp4,P33_LS,P33,33,LS,Train,annotation,annotation,0,964,965,,,49176484,14,5,0,6,138,46,3,Gel applied;first_paddle_taken;paddles_firmly_on_chest;paddles_removed_after_shock;second_paddle_taken,apical_placement_zone;defibrillator_screen;learner_hand;paddle_apical;paddle_sternal;sternal_placement_zone,rectangle,Gel applied=466;first_paddle_taken=713;paddles_firmly_on_chest=791;paddles_removed_after_shock=882;second_paddle_taken=727,Gel applied:tag|apical_placement_zone:any|both_paddle_buttons_pressed:tag|defibrillator_screen:any|first_paddle_taken:tag|learner_hand:any|paddle_apical:any|paddle_sternal:any|paddles_firmly_on_chest:tag|paddles_removed_after_shock:tag|second_paddle_taken:tag|shock_delivered_on_screen:tag|shock_symbol:any|sternal_placement_zone:any
kartheepan/P33_T.zip,task_backup,kartheepan,.,P33_T,P33_T.MOV,P33_T,P33,33,T,,annotation,annotation,0,937,938,1920,1080,60394885,14,6,0,6,129,85,4,Gel applied;both_paddle_buttons_pressed;first_paddle_taken;paddles_firmly_on_chest;paddles_removed_after_shock;second_paddle_taken,apical_placement_zone;defibrillator_screen;learner_hand;paddle_apical;paddle_sternal;sternal_placement_zone,rectangle,Gel applied=427;both_paddle_buttons_pressed=804;first_paddle_taken=707;paddles_firmly_on_chest=788;paddles_removed_after_shock=876;second_paddle_taken=721,Gel applied:tag|apical_placement_zone:any|both_paddle_buttons_pressed:tag|defibrillator_screen:any|first_paddle_taken:tag|learner_hand:any|paddle_apical:any|paddle_sternal:any|paddles_firmly_on_chest:tag|paddles_removed_after_shock:tag|second_paddle_taken:tag|shock_delivered_on_screen:tag|shock_symbol:any|sternal_placement_zone:any
Kishonithan 37 to 41.zip,project_backup,Kishonithan 37 to 41,task_0,P37_LL,P37_LL.MP4,P37_LL,P37,37,LL,,annotation,annotation,0,563,564,,,33786044,14,6,0,4,133,0,3,Gel applied;both_paddle_buttons_pressed;first_paddle_taken;paddles_firmly_on_chest;paddles_removed_after_shock;second_paddle_taken,apical_placement_zone;learner_hand;paddle_apical;paddle_sternal,polygon;rectangle,Gel applied=151;both_paddle_buttons_pressed=419;first_paddle_taken=236;paddles_firmly_on_chest=401;paddles_removed_after_shock=485;second_paddle_taken=371,Gel applied:tag|apical_placement_zone:any|both_paddle_buttons_pressed:tag|defibrillator_screen:any|first_paddle_taken:tag|learner_hand:any|paddle_apical:any|paddle_sternal:any|paddles_firmly_on_chest:tag|paddles_removed_after_shock:tag|second_paddle_taken:tag|shock_delivered_on_screen:tag|shock_symbol:any|sternal_placement_zone:any
Kishonithan 37 to 41.zip,project_backup,Kishonithan 37 to 41,task_1,P37_LS,P37_LS.mp4,P37_LS,P37,37,LS,,annotation,annotation,0,673,674,,,34365524,14,6,0,9,122,0,10,both_paddle_buttons_pressed;first_paddle_taken;paddles_firmly_on_chest;paddles_removed_after_shock;second_paddle_taken;shock_delivered_on_screen,apical_placement_zone;defibrillator_screen;learner_hand;paddle_apical;paddle_sternal;shock_symbol;sternal_placement_zone,polygon;rectangle,both_paddle_buttons_pressed=504;first_paddle_taken=314;paddles_firmly_on_chest=480;paddles_removed_after_shock=585;second_paddle_taken=443;shock_delivered_on_screen=507,Gel applied:tag|apical_placement_zone:any|both_paddle_buttons_pressed:tag|defibrillator_screen:any|first_paddle_taken:tag|learner_hand:any|paddle_apical:any|paddle_sternal:any|paddles_firmly_on_chest:tag|paddles_removed_after_shock:tag|second_paddle_taken:tag|shock_delivered_on_screen:tag|shock_symbol:any|sternal_placement_zone:any
Kishonithan 37 to 41.zip,project_backup,Kishonithan 37 to 41,task_2,P37_T,P37_T.MOV,P37_T,P37,37,T,,annotation,annotation,0,718,719,1920,1080,46696658,14,5,0,6,130,0,6,both_paddle_buttons_pressed;first_paddle_taken;paddles_firmly_on_chest;paddles_removed_after_shock;second_paddle_taken,apical_placement_zone;learner_hand;paddle_apical;paddle_sternal;sternal_placement_zone,polygon;rectangle,both_paddle_buttons_pressed=533;first_paddle_taken=342;paddles_firmly_on_chest=491;paddles_removed_after_shock=602;second_paddle_taken=466,Gel applied:tag|apical_placement_zone:any|both_paddle_buttons_pressed:tag|defibrillator_screen:any|first_paddle_taken:tag|learner_hand:any|paddle_apical:any|paddle_sternal:any|paddles_firmly_on_chest:tag|paddles_removed_after_shock:tag|second_paddle_taken:tag|shock_delivered_on_screen:tag|shock_symbol:any|sternal_placement_zone:any
Kishonithan 37 to 41.zip,project_backup,Kishonithan 37 to 41,task_3,P38_LL,P38_LL.MP4,P38_LL,P38,38,LL,,annotation,annotation,0,593,594,,,35661007,14,4,0,4,129,0,5,Gel applied;first_paddle_taken;paddles_removed_after_shock;second_paddle_taken,learner_hand;paddle_apical;paddle_sternal,polygon;rectangle,Gel applied=245;first_paddle_taken=354;paddles_removed_after_shock=534;second_paddle_taken=458,Gel applied:tag|apical_placement_zone:any|both_paddle_buttons_pressed:tag|defibrillator_screen:any|first_paddle_taken:tag|learner_hand:any|paddle_apical:any|paddle_sternal:any|paddles_firmly_on_chest:tag|paddles_removed_after_shock:tag|second_paddle_taken:tag|shock_delivered_on_screen:tag|shock_symbol:any|sternal_placement_zone:any
Kishonithan 37 to 41.zip,project_backup,Kishonithan 37 to 41,task_4,P38_LS,P38_LS.mp4,P38_LS,P38,38,LS,,annotation,annotation,0,746,747,,,37965450,14,7,0,8,139,0,4,Gel applied;both_paddle_buttons_pressed;first_paddle_taken;paddles_firmly_on_chest;paddles_removed_after_shock;second_paddle_taken;shock_delivered_on_screen,apical_placement_zone;defibrillator_screen;learner_hand;paddle_apical;paddle_sternal;shock_symbol;sternal_placement_zone,polygon;rectangle,Gel applied=273;both_paddle_buttons_pressed=572;first_paddle_taken=398;paddles_firmly_on_chest=554;paddles_removed_after_shock=620;second_paddle_taken=530;shock_delivered_on_screen=574,Gel applied:tag|apical_placement_zone:any|both_paddle_buttons_pressed:tag|defibrillator_screen:any|first_paddle_taken:tag|learner_hand:any|paddle_apical:any|paddle_sternal:any|paddles_firmly_on_chest:tag|paddles_removed_after_shock:tag|second_paddle_taken:tag|shock_delivered_on_screen:tag|shock_symbol:any|sternal_placement_zone:any
Kishonithan 37 to 41.zip,project_backup,Kishonithan 37 to 41,task_5,P38_T,P38_T.MOV,P38_T,P38,38,T,,annotation,annotation,0,732,733,1920,1080,47023044,14,6,0,6,124,0,6,Gel applied;both_paddle_buttons_pressed;first_paddle_taken;paddles_firmly_on_chest;paddles_removed_after_shock;second_paddle_taken,apical_placement_zone;learner_hand;paddle_apical;paddle_sternal;sternal_placement_zone,polygon;rectangle,Gel applied=300;both_paddle_buttons_pressed=604;first_paddle_taken=436;paddles_firmly_on_chest=581;paddles_removed_after_shock=645;second_paddle_taken=556,Gel applied:tag|apical_placement_zone:any|both_paddle_buttons_pressed:tag|defibrillator_screen:any|first_paddle_taken:tag|learner_hand:any|paddle_apical:any|paddle_sternal:any|paddles_firmly_on_chest:tag|paddles_removed_after_shock:tag|second_paddle_taken:tag|shock_delivered_on_screen:tag|shock_symbol:any|sternal_placement_zone:any
Kishonithan 37 to 41.zip,project_backup,Kishonithan 37 to 41,task_6,P39_LL,P39_LL.MP4,P39_LL,P39,39,LL,,annotation,annotation,0,613,614,,,36946421,14,3,0,6,130,0,14,Gel applied;first_paddle_taken;paddles_removed_after_shock,apical_placement_zone;learner_hand;paddle_apical;paddle_sternal,polygon;rectangle,Gel applied=217;first_paddle_taken=352;paddles_removed_after_shock=534,Gel applied:tag|apical_placement_zone:any|both_paddle_buttons_pressed:tag|defibrillator_screen:any|first_paddle_taken:tag|learner_hand:any|paddle_apical:any|paddle_sternal:any|paddles_firmly_on_chest:tag|paddles_removed_after_shock:tag|second_paddle_taken:tag|shock_delivered_on_screen:tag|shock_symbol:any|sternal_placement_zone:any
Kishonithan 37 to 41.zip,project_backup,Kishonithan 37 to 41,task_7,P39_LS,P39_LS.mp4,P39_LS,P39,39,LS,,annotation,annotation,0,746,747,,,37939491,14,7,0,8,127,0,4,Gel applied;both_paddle_buttons_pressed;first_paddle_taken;paddles_firmly_on_chest;paddles_removed_after_shock;second_paddle_taken;shock_delivered_on_screen,apical_placement_zone;defibrillator_screen;learner_hand;paddle_apical;paddle_sternal;shock_symbol;sternal_placement_zone,polygon;rectangle,Gel applied=249;both_paddle_buttons_pressed=578;first_paddle_taken=447;paddles_firmly_on_chest=576;paddles_removed_after_shock=631;second_paddle_taken=522;shock_delivered_on_screen=587,Gel applied:tag|apical_placement_zone:any|both_paddle_buttons_pressed:tag|defibrillator_screen:any|first_paddle_taken:tag|learner_hand:any|paddle_apical:any|paddle_sternal:any|paddles_firmly_on_chest:tag|paddles_removed_after_shock:tag|second_paddle_taken:tag|shock_delivered_on_screen:tag|shock_symbol:any|sternal_placement_zone:any
Kishonithan 37 to 41.zip,project_backup,Kishonithan 37 to 41,task_8,P39_T,P39_T.MOV,P39_T,P39,39,T,,annotation,annotation,0,752,753,1920,1080,48315264,14,6,0,6,118,0,4,Gel applied;both_paddle_buttons_pressed;first_paddle_taken;paddles_firmly_on_chest;paddles_removed_after_shock;second_paddle_taken,apical_placement_zone;learner_hand;paddle_apical;paddle_sternal;sternal_placement_zone,polygon;rectangle,Gel applied=261;both_paddle_buttons_pressed=600;first_paddle_taken=460;paddles_firmly_on_chest=569;paddles_removed_after_shock=641;second_paddle_taken=532,Gel applied:tag|apical_placement_zone:any|both_paddle_buttons_pressed:tag|defibrillator_screen:any|first_paddle_taken:tag|learner_hand:any|paddle_apical:any|paddle_sternal:any|paddles_firmly_on_chest:tag|paddles_removed_after_shock:tag|second_paddle_taken:tag|shock_delivered_on_screen:tag|shock_symbol:any|sternal_placement_zone:any
Kishonithan 37 to 41.zip,project_backup,Kishonithan 37 to 41,task_9,P40_LL,P40_LL.MP4,P40_LL,P40,40,LL,,annotation,annotation,0,566,567,,,34052480,14,4,0,5,142,0,4,Gel applied;first_paddle_taken;paddles_removed_after_shock;second_paddle_taken,apical_placement_zone;learner_hand;paddle_apical;paddle_sternal,polygon;rectangle,Gel applied=222;first_paddle_taken=321;paddles_removed_after_shock=432;second_paddle_taken=354,Gel applied:tag|apical_placement_zone:any|both_paddle_buttons_pressed:tag|defibrillator_screen:any|first_paddle_taken:tag|learner_hand:any|paddle_apical:any|paddle_sternal:any|paddles_firmly_on_chest:tag|paddles_removed_after_shock:tag|second_paddle_taken:tag|shock_delivered_on_screen:tag|shock_symbol:any|sternal_placement_zone:any
Kishonithan 37 to 41.zip,project_backup,Kishonithan 37 to 41,task_10,P40_LS,P40_LS.mp4,P40_LS,P40,40,LS,,annotation,annotation,0,813,814,,,41366755,14,7,0,9,148,0,5,Gel applied;both_paddle_buttons_pressed;first_paddle_taken;paddles_firmly_on_chest;paddles_removed_after_shock;second_paddle_taken;shock_delivered_on_screen,apical_placement_zone;defibrillator_screen;learner_hand;paddle_apical;paddle_sternal;shock_symbol;sternal_placement_zone,polygon;rectangle,Gel applied=269;both_paddle_buttons_pressed=493;first_paddle_taken=392;paddles_firmly_on_chest=479;paddles_removed_after_shock=521;second_paddle_taken=438;shock_delivered_on_screen=495,Gel applied:tag|apical_placement_zone:any|both_paddle_buttons_pressed:tag|defibrillator_screen:any|first_paddle_taken:tag|learner_hand:any|paddle_apical:any|paddle_sternal:any|paddles_firmly_on_chest:tag|paddles_removed_after_shock:tag|second_paddle_taken:tag|shock_delivered_on_screen:tag|shock_symbol:any|sternal_placement_zone:any
Kishonithan 37 to 41.zip,project_backup,Kishonithan 37 to 41,task_11,P40_T,P40_T.MOV,P40_T,P40,40,T,,annotation,annotation,0,676,677,1080,1920,43468562,14,6,0,6,126,0,4,Gel applied;both_paddle_buttons_pressed;first_paddle_taken;paddles_firmly_on_chest;paddles_removed_after_shock;second_paddle_taken,apical_placement_zone;learner_hand;paddle_apical;paddle_sternal;sternal_placement_zone,polygon;rectangle,Gel applied=291;both_paddle_buttons_pressed=508;first_paddle_taken=421;paddles_firmly_on_chest=501;paddles_removed_after_shock=541;second_paddle_taken=460,Gel applied:tag|apical_placement_zone:any|both_paddle_buttons_pressed:tag|defibrillator_screen:any|first_paddle_taken:tag|learner_hand:any|paddle_apical:any|paddle_sternal:any|paddles_firmly_on_chest:tag|paddles_removed_after_shock:tag|second_paddle_taken:tag|shock_delivered_on_screen:tag|shock_symbol:any|sternal_placement_zone:any
Kishonithan 37 to 41.zip,project_backup,Kishonithan 37 to 41,task_12,P41_LL,P41_LL.MP4,P41_LL,P41,41,LL,,annotation,annotation,0,554,555,,,33383780,14,5,0,5,166,0,4,Gel applied;first_paddle_taken;paddles_firmly_on_chest;paddles_removed_after_shock;second_paddle_taken,apical_placement_zone;learner_hand;paddle_apical;paddle_sternal,polygon;rectangle,Gel applied=196;first_paddle_taken=265;paddles_firmly_on_chest=387;paddles_removed_after_shock=429;second_paddle_taken=349,Gel applied:tag|apical_placement_zone:any|both_paddle_buttons_pressed:tag|defibrillator_screen:any|first_paddle_taken:tag|learner_hand:any|paddle_apical:any|paddle_sternal:any|paddles_firmly_on_chest:tag|paddles_removed_after_shock:tag|second_paddle_taken:tag|shock_delivered_on_screen:tag|shock_symbol:any|sternal_placement_zone:any
Kishonithan 37 to 41.zip,project_backup,Kishonithan 37 to 41,task_13,P41_LS,P41_LS.mp4,P41_LS,P41,41,LS,,annotation,annotation,0,629,630,,,32124046,14,7,0,8,130,0,4,Gel applied;both_paddle_buttons_pressed;first_paddle_taken;paddles_firmly_on_chest;paddles_removed_after_shock;second_paddle_taken;shock_delivered_on_screen,apical_placement_zone;defibrillator_screen;learner_hand;paddle_apical;paddle_sternal;shock_symbol,polygon;rectangle,Gel applied=235;both_paddle_buttons_pressed=477;first_paddle_taken=336;paddles_firmly_on_chest=460;paddles_removed_after_shock=516;second_paddle_taken=435;shock_delivered_on_screen=478,Gel applied:tag|apical_placement_zone:any|both_paddle_buttons_pressed:tag|defibrillator_screen:any|first_paddle_taken:tag|learner_hand:any|paddle_apical:any|paddle_sternal:any|paddles_firmly_on_chest:tag|paddles_removed_after_shock:tag|second_paddle_taken:tag|shock_delivered_on_screen:tag|shock_symbol:any|sternal_placement_zone:any
Kishonithan 37 to 41.zip,project_backup,Kishonithan 37 to 41,task_14,P41_T,P41_T.MOV,P41_T,P41,41,T,,annotation,annotation,0,618,619,1080,1920,39712808,14,6,0,6,102,0,4,Gel applied;both_paddle_buttons_pressed;first_paddle_taken;paddles_firmly_on_chest;paddles_removed_after_shock;second_paddle_taken,apical_placement_zone;learner_hand;paddle_apical;paddle_sternal;sternal_placement_zone,polygon;rectangle,Gel applied=240;both_paddle_buttons_pressed=477;first_paddle_taken=353;paddles_firmly_on_chest=464;paddles_removed_after_shock=521;second_paddle_taken=442,Gel applied:tag|apical_placement_zone:any|both_paddle_buttons_pressed:tag|defibrillator_screen:any|first_paddle_taken:tag|learner_hand:any|paddle_apical:any|paddle_sternal:any|paddles_firmly_on_chest:tag|paddles_removed_after_shock:tag|second_paddle_taken:tag|shock_delivered_on_screen:tag|shock_symbol:any|sternal_placement_zone:any
Rashad.zip,project_backup,Rashad,task_0,P42_LL.MP4,P42_LL.MP4,P42_LL,P42,42,LL,Train,annotation,annotation,0,515,516,,,30953568,14,8,0,5,114,0,4,apical_placement_zone;both_paddle_buttons_pressed;learner_hand;paddle_apical;paddle_sternal;paddles_firmly_on_chest;paddles_removed_after_shock,apical_placement_zone;learner_hand;paddle_apical;paddle_sternal,polygon;rectangle,both_paddle_buttons_pressed=418;paddles_firmly_on_chest=327;paddles_removed_after_shock=456,Gel applied:tag|apical_placement_zone:any|both_paddle_buttons_pressed:tag|defibrillator_screen:any|first_paddle_taken:tag|learner_hand:any|paddle_apical:any|paddle_sternal:any|paddles_firmly_on_chest:tag|paddles_removed_after_shock:tag|second_paddle_taken:tag|shock_delivered_on_screen:tag|shock_symbol:any|sternal_placement_zone:any
Rashad.zip,project_backup,Rashad,task_1,P42_LS.mp4,P42_LS.mp4,P42_LS,P42,42,LS,Train,annotation,annotation,0,617,618,,,31226629,14,5,0,5,41,0,4,apical_placement_zone;paddles_firmly_on_chest;paddles_removed_after_shock;shock_symbol;sternal_placement_zone,defibrillator_screen;learner_hand;paddle_apical;sternal_placement_zone,polygon;rectangle,paddles_firmly_on_chest=482;paddles_removed_after_shock=544,Gel applied:tag|apical_placement_zone:any|both_paddle_buttons_pressed:tag|defibrillator_screen:any|first_paddle_taken:tag|learner_hand:any|paddle_apical:any|paddle_sternal:any|paddles_firmly_on_chest:tag|paddles_removed_after_shock:tag|second_paddle_taken:tag|shock_delivered_on_screen:tag|shock_symbol:any|sternal_placement_zone:any
Rashad.zip,project_backup,Rashad,task_2,P42_T.MOV,P42_T.MOV,P42_T,P42,42,T,Train,annotation,annotation,0,682,683,1080,1920,43952075,14,3,0,4,30,0,2,both_paddle_buttons_pressed;paddles_firmly_on_chest;paddles_removed_after_shock,paddle_apical;paddle_sternal;sternal_placement_zone,polygon;rectangle,both_paddle_buttons_pressed=542;paddles_firmly_on_chest=549;paddles_removed_after_shock=573,Gel applied:tag|apical_placement_zone:any|both_paddle_buttons_pressed:tag|defibrillator_screen:any|first_paddle_taken:tag|learner_hand:any|paddle_apical:any|paddle_sternal:any|paddles_firmly_on_chest:tag|paddles_removed_after_shock:tag|second_paddle_taken:tag|shock_delivered_on_screen:tag|shock_symbol:any|sternal_placement_zone:any
Rashad.zip,project_backup,Rashad,task_3,P43_LL.MP4,P43_LL.MP4,P43_LL,P43,43,LL,Train,annotation,annotation,0,527,528,,,31623434,14,8,0,7,98,0,6,Gel applied;apical_placement_zone;paddles_firmly_on_chest;paddles_removed_after_shock,apical_placement_zone;learner_hand;paddle_apical;paddle_sternal,polygon;rectangle,"Gel applied=144,146,172,175,188;paddles_firmly_on_chest=398;paddles_removed_after_shock=459",Gel applied:tag|apical_placement_zone:any|both_paddle_buttons_pressed:tag|defibrillator_screen:any|first_paddle_taken:tag|learner_hand:any|paddle_apical:any|paddle_sternal:any|paddles_firmly_on_chest:tag|paddles_removed_after_shock:tag|second_paddle_taken:tag|shock_delivered_on_screen:tag|shock_symbol:any|sternal_placement_zone:any
Rashad.zip,project_backup,Rashad,task_4,P43_LS.mp4,P43_LS.mp4,P43_LS,P43,43,LS,Train,annotation,annotation,0,640,641,,,32549708,14,6,0,6,84,0,3,Gel applied;both_paddle_buttons_pressed;paddles_firmly_on_chest;paddles_removed_after_shock;shock_symbol,apical_placement_zone;defibrillator_screen;learner_hand;paddle_apical;paddle_sternal;sternal_placement_zone,polygon;rectangle,"Gel applied=167,203;both_paddle_buttons_pressed=486;paddles_firmly_on_chest=468;paddles_removed_after_shock=543",Gel applied:tag|apical_placement_zone:any|both_paddle_buttons_pressed:tag|defibrillator_screen:any|first_paddle_taken:tag|learner_hand:any|paddle_apical:any|paddle_sternal:any|paddles_firmly_on_chest:tag|paddles_removed_after_shock:tag|second_paddle_taken:tag|shock_delivered_on_screen:tag|shock_symbol:any|sternal_placement_zone:any
Rashad.zip,project_backup,Rashad,task_5,P43_T.MOV,P43_T.MOV,P43_T,P43,43,T,Train,annotation,annotation,0,640,641,1080,1920,41020099,14,4,0,4,79,0,3,Gel applied;both_paddle_buttons_pressed;paddles_firmly_on_chest;paddles_removed_after_shock,learner_hand;paddle_apical;paddle_sternal;sternal_placement_zone,polygon;rectangle,Gel applied=200;both_paddle_buttons_pressed=527;paddles_firmly_on_chest=506;paddles_removed_after_shock=576,Gel applied:tag|apical_placement_zone:any|both_paddle_buttons_pressed:tag|defibrillator_screen:any|first_paddle_taken:tag|learner_hand:any|paddle_apical:any|paddle_sternal:any|paddles_firmly_on_chest:tag|paddles_removed_after_shock:tag|second_paddle_taken:tag|shock_delivered_on_screen:tag|shock_symbol:any|sternal_placement_zone:any
Rashad.zip,project_backup,Rashad,task_6,P44_LL.MP4,P44_LL.MP4,P44_LL,P44,44,LL,Train,annotation,annotation,0,532,533,,,32084047,14,3,0,5,91,0,3,Gel applied;paddles_firmly_on_chest;paddles_removed_after_shock,apical_placement_zone;defibrillator_screen;learner_hand;paddle_apical;paddle_sternal,polygon;rectangle,Gel applied=186;paddles_firmly_on_chest=409;paddles_removed_after_shock=465,Gel applied:tag|apical_placement_zone:any|both_paddle_buttons_pressed:tag|defibrillator_screen:any|first_paddle_taken:tag|learner_hand:any|paddle_apical:any|paddle_sternal:any|paddles_firmly_on_chest:tag|paddles_removed_after_shock:tag|second_paddle_taken:tag|shock_delivered_on_screen:tag|shock_symbol:any|sternal_placement_zone:any
Rashad.zip,project_backup,Rashad,task_7,P44_LS.mp4,P44_LS.mp4,P44_LS,P44,44,LS,Train,annotation,annotation,0,615,616,,,31180025,14,6,0,6,85,0,3,Gel applied;both_paddle_buttons_pressed;paddles_firmly_on_chest;paddles_removed_after_shock;shock_symbol,apical_placement_zone;defibrillator_screen;learner_hand;paddle_apical;paddle_sternal;sternal_placement_zone,polygon;rectangle,"Gel applied=190,207;both_paddle_buttons_pressed=492;paddles_firmly_on_chest=487;paddles_removed_after_shock=547",Gel applied:tag|apical_placement_zone:any|both_paddle_buttons_pressed:tag|defibrillator_screen:any|first_paddle_taken:tag|learner_hand:any|paddle_apical:any|paddle_sternal:any|paddles_firmly_on_chest:tag|paddles_removed_after_shock:tag|second_paddle_taken:tag|shock_delivered_on_screen:tag|shock_symbol:any|sternal_placement_zone:any
Rashad.zip,project_backup,Rashad,task_8,P44_T.MOV,P44_T.MOV,P44_T,P44,44,T,Train,annotation,annotation,0,633,634,1080,1920,40665888,14,4,0,4,67,0,3,Gel applied;both_paddle_buttons_pressed;paddles_firmly_on_chest;paddles_removed_after_shock,learner_hand;paddle_apical;paddle_sternal;sternal_placement_zone,polygon;rectangle,Gel applied=237;both_paddle_buttons_pressed=515;paddles_firmly_on_chest=498;paddles_removed_after_shock=570,Gel applied:tag|apical_placement_zone:any|both_paddle_buttons_pressed:tag|defibrillator_screen:any|first_paddle_taken:tag|learner_hand:any|paddle_apical:any|paddle_sternal:any|paddles_firmly_on_chest:tag|paddles_removed_after_shock:tag|second_paddle_taken:tag|shock_delivered_on_screen:tag|shock_symbol:any|sternal_placement_zone:any
Rashad.zip,project_backup,Rashad,task_9,P45_LL.MP4,P45_LL.MP4,P45_LL,P45,45,LL,Train,annotation,annotation,0,535,536,,,32257042,14,2,0,5,81,0,3,Gel applied;paddles_removed_after_shock,apical_placement_zone;defibrillator_screen;learner_hand;paddle_apical;paddle_sternal,polygon;rectangle,Gel applied=182;paddles_removed_after_shock=489,Gel applied:tag|apical_placement_zone:any|both_paddle_buttons_pressed:tag|defibrillator_screen:any|first_paddle_taken:tag|learner_hand:any|paddle_apical:any|paddle_sternal:any|paddles_firmly_on_chest:tag|paddles_removed_after_shock:tag|second_paddle_taken:tag|shock_delivered_on_screen:tag|shock_symbol:any|sternal_placement_zone:any
Rashad.zip,project_backup,Rashad,task_10,P45_LS.mp4,P45_LS.mp4,P45_LS,P45,45,LS,Train,annotation,annotation,0,670,671,,,33975309,14,4,0,6,76,0,3,Gel applied;both_paddle_buttons_pressed;paddles_firmly_on_chest;paddles_removed_after_shock,apical_placement_zone;defibrillator_screen;learner_hand;paddle_apical;paddle_sternal;sternal_placement_zone,polygon;rectangle,Gel applied=219;both_paddle_buttons_pressed=560;paddles_firmly_on_chest=495;paddles_removed_after_shock=582,Gel applied:tag|apical_placement_zone:any|both_paddle_buttons_pressed:tag|defibrillator_screen:any|first_paddle_taken:tag|learner_hand:any|paddle_apical:any|paddle_sternal:any|paddles_firmly_on_chest:tag|paddles_removed_after_shock:tag|second_paddle_taken:tag|shock_delivered_on_screen:tag|shock_symbol:any|sternal_placement_zone:any
Rashad.zip,project_backup,Rashad,task_11,P45_T.MOV,P45_T.MOV,P45_T,P45,45,T,Train,annotation,annotation,0,681,682,1920,1080,43809373,14,4,0,6,46,0,5,Gel applied;both_paddle_buttons_pressed;paddles_firmly_on_chest;paddles_removed_after_shock,apical_placement_zone;learner_hand;paddle_apical;paddle_sternal;sternal_placement_zone,polygon;rectangle,Gel applied=229;both_paddle_buttons_pressed=537;paddles_firmly_on_chest=491;paddles_removed_after_shock=589,Gel applied:tag|apical_placement_zone:any|both_paddle_buttons_pressed:tag|defibrillator_screen:any|first_paddle_taken:tag|learner_hand:any|paddle_apical:any|paddle_sternal:any|paddles_firmly_on_chest:tag|paddles_removed_after_shock:tag|second_paddle_taken:tag|shock_delivered_on_screen:tag|shock_symbol:any|sternal_placement_zone:any
Rashad.zip,project_backup,Rashad,task_12,P46_LL.MP4,P46_LL.MP4,P46_LL,P46,46,LL,Train,annotation,annotation,0,589,590,,,35554324,14,1,0,5,78,0,3,Gel applied,apical_placement_zone;defibrillator_screen;learner_hand;paddle_apical;paddle_sternal,polygon;rectangle,Gel applied=252,Gel applied:tag|apical_placement_zone:any|both_paddle_buttons_pressed:tag|defibrillator_screen:any|first_paddle_taken:tag|learner_hand:any|paddle_apical:any|paddle_sternal:any|paddles_firmly_on_chest:tag|paddles_removed_after_shock:tag|second_paddle_taken:tag|shock_delivered_on_screen:tag|shock_symbol:any|sternal_placement_zone:any
Rashad.zip,project_backup,Rashad,task_13,P46_LS.mp4,P46_LS.mp4,P46_LS,P46,46,LS,Train,annotation,annotation,0,644,645,,,32636373,14,4,0,7,61,0,3,Gel applied;paddles_firmly_on_chest;paddles_removed_after_shock;shock_symbol,apical_placement_zone;defibrillator_screen;learner_hand;paddle_apical;paddle_sternal;shock_symbol;sternal_placement_zone,polygon;rectangle,Gel applied=280;paddles_firmly_on_chest=517;paddles_removed_after_shock=567,Gel applied:tag|apical_placement_zone:any|both_paddle_buttons_pressed:tag|defibrillator_screen:any|first_paddle_taken:tag|learner_hand:any|paddle_apical:any|paddle_sternal:any|paddles_firmly_on_chest:tag|paddles_removed_after_shock:tag|second_paddle_taken:tag|shock_delivered_on_screen:tag|shock_symbol:any|sternal_placement_zone:any
Rashad.zip,project_backup,Rashad,task_14,P46_T.MOV,P46_T.MOV,P46_T,P46,46,T,Train,annotation,annotation,0,650,651,1920,1080,41769029,14,4,0,5,27,0,3,Gel applied;both_paddle_buttons_pressed;paddles_firmly_on_chest;paddles_removed_after_shock,apical_placement_zone;learner_hand;paddle_apical;paddle_sternal;sternal_placement_zone,polygon;rectangle,Gel applied=297;both_paddle_buttons_pressed=547;paddles_firmly_on_chest=519;paddles_removed_after_shock=585,Gel applied:tag|apical_placement_zone:any|both_paddle_buttons_pressed:tag|defibrillator_screen:any|first_paddle_taken:tag|learner_hand:any|paddle_apical:any|paddle_sternal:any|paddles_firmly_on_chest:tag|paddles_removed_after_shock:tag|second_paddle_taken:tag|shock_delivered_on_screen:tag|shock_symbol:any|sternal_placement_zone:any
Sharmilan.zip,project_backup,Sharmilan,task_0,P47_LL,P47_LL.MP4,P47_LL,P47,47,LL,,annotation,annotation,0,600,601,,,36182929,14,4,0,3,163,0,3,Gel applied;first_paddle_taken;paddles_firmly_on_chest;paddles_removed_after_shock,apical_placement_zone;learner_hand;paddle_sternal,polygon;rectangle,Gel applied=277;first_paddle_taken=375;paddles_firmly_on_chest=499;paddles_removed_after_shock=536,Gel applied:tag|apical_placement_zone:any|both_paddle_buttons_pressed:tag|defibrillator_screen:any|first_paddle_taken:tag|learner_hand:any|paddle_apical:any|paddle_sternal:any|paddles_firmly_on_chest:tag|paddles_removed_after_shock:tag|second_paddle_taken:tag|shock_delivered_on_screen:tag|shock_symbol:any|sternal_placement_zone:any
Sharmilan.zip,project_backup,Sharmilan,task_1,P47_LS,P47_LS.mp4,P47_LS,P47,47,LS,,annotation,annotation,0,719,720,,,36451922,14,6,0,8,139,0,4,Gel applied;first_paddle_taken;paddles_firmly_on_chest;paddles_removed_after_shock;shock_delivered_on_screen,apical_placement_zone;defibrillator_screen;learner_hand;paddle_apical;paddle_sternal;shock_symbol;sternal_placement_zone,polygon;rectangle,"Gel applied=317;first_paddle_taken=479;paddles_firmly_on_chest=611;paddles_removed_after_shock=630,632;shock_delivered_on_screen=615",Gel applied:tag|apical_placement_zone:any|both_paddle_buttons_pressed:tag|defibrillator_screen:any|first_paddle_taken:tag|learner_hand:any|paddle_apical:any|paddle_sternal:any|paddles_firmly_on_chest:tag|paddles_removed_after_shock:tag|second_paddle_taken:tag|shock_delivered_on_screen:tag|shock_symbol:any|sternal_placement_zone:any
Sharmilan.zip,project_backup,Sharmilan,task_2,P47_T,P47_T.MOV,P47_T,P47,47,T,,annotation,annotation,0,754,755,1920,1080,48351231,14,5,0,4,66,15,3,Gel applied;both_paddle_buttons_pressed;first_paddle_taken;paddles_firmly_on_chest;paddles_removed_after_shock,learner_hand;paddle_apical;paddle_sternal,polygon;rectangle,Gel applied=341;both_paddle_buttons_pressed=637;first_paddle_taken=509;paddles_firmly_on_chest=626;paddles_removed_after_shock=650,Gel applied:tag|apical_placement_zone:any|both_paddle_buttons_pressed:tag|defibrillator_screen:any|first_paddle_taken:tag|learner_hand:any|paddle_apical:any|paddle_sternal:any|paddles_firmly_on_chest:tag|paddles_removed_after_shock:tag|second_paddle_taken:tag|shock_delivered_on_screen:tag|shock_symbol:any|sternal_placement_zone:any
Sharmilan.zip,project_backup,Sharmilan,task_3,P48_LL,P48_LL.MP4,P48_LL,P48,48,LL,,annotation,annotation,0,581,582,,,34930929,14,5,0,3,127,49,2,Gel applied;first_paddle_taken;paddles_firmly_on_chest;paddles_removed_after_shock;second_paddle_taken,learner_hand;paddle_apical,polygon;rectangle,Gel applied=227;first_paddle_taken=302;paddles_firmly_on_chest=433;paddles_removed_after_shock=465;second_paddle_taken=399,Gel applied:tag|apical_placement_zone:any|both_paddle_buttons_pressed:tag|defibrillator_screen:any|first_paddle_taken:tag|learner_hand:any|paddle_apical:any|paddle_sternal:any|paddles_firmly_on_chest:tag|paddles_removed_after_shock:tag|second_paddle_taken:tag|shock_delivered_on_screen:tag|shock_symbol:any|sternal_placement_zone:any
Sharmilan.zip,project_backup,Sharmilan,task_4,PP48_LS,P48_LS.mp4,P48_LS,P48,48,LS,,annotation,annotation,0,588,589,,,29780434,14,6,0,8,155,0,4,Gel applied;first_paddle_taken;paddles_firmly_on_chest;paddles_removed_after_shock;second_paddle_taken;shock_delivered_on_screen,defibrillator_screen;learner_hand;paddle_apical;paddle_sternal;shock_symbol;sternal_placement_zone,polygon;rectangle,Gel applied=276;first_paddle_taken=384;paddles_firmly_on_chest=522;paddles_removed_after_shock=558;second_paddle_taken=496;shock_delivered_on_screen=537,Gel applied:tag|apical_placement_zone:any|both_paddle_buttons_pressed:tag|defibrillator_screen:any|first_paddle_taken:tag|learner_hand:any|paddle_apical:any|paddle_sternal:any|paddles_firmly_on_chest:tag|paddles_removed_after_shock:tag|second_paddle_taken:tag|shock_delivered_on_screen:tag|shock_symbol:any|sternal_placement_zone:any
Sharmilan.zip,project_backup,Sharmilan,task_5,P_48T,P48_T.MOV,P48_T,P48,48,T,,annotation,annotation,0,642,643,1080,1920,41139552,14,6,0,6,79,0,6,Gel applied;both_paddle_buttons_pressed;first_paddle_taken;paddles_firmly_on_chest;paddles_removed_after_shock;second_paddle_taken,learner_hand;paddle_apical;paddle_sternal,polygon;rectangle,Gel applied=289;both_paddle_buttons_pressed=555;first_paddle_taken=406;paddles_firmly_on_chest=549;paddles_removed_after_shock=576;second_paddle_taken=511,Gel applied:tag|apical_placement_zone:any|both_paddle_buttons_pressed:tag|defibrillator_screen:any|first_paddle_taken:tag|learner_hand:any|paddle_apical:any|paddle_sternal:any|paddles_firmly_on_chest:tag|paddles_removed_after_shock:tag|second_paddle_taken:tag|shock_delivered_on_screen:tag|shock_symbol:any|sternal_placement_zone:any
Sharmilan.zip,project_backup,Sharmilan,task_6,P49_LL,P49_LL.MP4,P49_LL,P49,49,LL,,annotation,annotation,0,470,471,,,28376376,14,6,0,7,176,33,5,Gel applied;both_paddle_buttons_pressed;first_paddle_taken;paddles_firmly_on_chest;paddles_removed_after_shock;second_paddle_taken,apical_placement_zone;learner_hand;paddle_apical;paddle_sternal,polygon;rectangle,Gel applied=187;both_paddle_buttons_pressed=365;first_paddle_taken=251;paddles_firmly_on_chest=358;paddles_removed_after_shock=393;second_paddle_taken=321,Gel applied:tag|apical_placement_zone:any|both_paddle_buttons_pressed:tag|defibrillator_screen:any|first_paddle_taken:tag|learner_hand:any|paddle_apical:any|paddle_sternal:any|paddles_firmly_on_chest:tag|paddles_removed_after_shock:tag|second_paddle_taken:tag|shock_delivered_on_screen:tag|shock_symbol:any|sternal_placement_zone:any
Sharmilan.zip,project_backup,Sharmilan,task_7,P49_LS,P49_LS.mp4,P49_LS,P49,49,LS,,annotation,annotation,0,566,567,,,28786532,14,7,1,8,135,21,5,Gel applied;first_paddle_taken;paddles_firmly_on_chest;paddles_removed_after_shock;second_paddle_taken;shock_delivered_on_screen,apical_placement_zone;defibrillator_screen;learner_hand;paddle_apical;paddle_sternal;shock_symbol,polygon;rectangle,"Gel applied=231,232;first_paddle_taken=327;paddles_firmly_on_chest=433;paddles_removed_after_shock=480;second_paddle_taken=400;shock_delivered_on_screen=450",Gel applied:tag|apical_placement_zone:any|both_paddle_buttons_pressed:tag|defibrillator_screen:any|first_paddle_taken:tag|learner_hand:any|paddle_apical:any|paddle_sternal:any|paddles_firmly_on_chest:tag|paddles_removed_after_shock:tag|second_paddle_taken:tag|shock_delivered_on_screen:tag|shock_symbol:any|sternal_placement_zone:any
Sharmilan.zip,project_backup,Sharmilan,task_8,P49_T,P49_T.MOV,P49_T,P49,49,T,,annotation,annotation,0,597,598,1920,1080,38579007,14,6,0,9,92,50,10,Gel applied;both_paddle_buttons_pressed;first_paddle_taken;paddles_firmly_on_chest;paddles_removed_after_shock;second_paddle_taken,learner_hand;paddle_apical;paddle_sternal;sternal_placement_zone,polygon;rectangle,Gel applied=252;both_paddle_buttons_pressed=464;first_paddle_taken=351;paddles_firmly_on_chest=449;paddles_removed_after_shock=501;second_paddle_taken=420,Gel applied:tag|apical_placement_zone:any|both_paddle_buttons_pressed:tag|defibrillator_screen:any|first_paddle_taken:tag|learner_hand:any|paddle_apical:any|paddle_sternal:any|paddles_firmly_on_chest:tag|paddles_removed_after_shock:tag|second_paddle_taken:tag|shock_delivered_on_screen:tag|shock_symbol:any|sternal_placement_zone:any
Sharmilan.zip,project_backup,Sharmilan,task_9,P50_LL,P50_LL.MP4,P50_LL,P50,50,LL,,annotation,annotation,0,508,509,,,30699708,14,6,0,7,182,124,6,Gel applied;first_paddle_taken;paddles_firmly_on_chest;paddles_removed_after_shock;second_paddle_taken,apical_placement_zone;learner_hand;paddle_apical;paddle_sternal,polygon;rectangle,"Gel applied=153,154;first_paddle_taken=217;paddles_firmly_on_chest=346;paddles_removed_after_shock=396;second_paddle_taken=284",Gel applied:tag|apical_placement_zone:any|both_paddle_buttons_pressed:tag|defibrillator_screen:any|first_paddle_taken:tag|learner_hand:any|paddle_apical:any|paddle_sternal:any|paddles_firmly_on_chest:tag|paddles_removed_after_shock:tag|second_paddle_taken:tag|shock_delivered_on_screen:tag|shock_symbol:any|sternal_placement_zone:any
Sharmilan.zip,project_backup,Sharmilan,task_10,P50_LS,P50_LS.mp4,P50_LS,P50,50,LS,,annotation,annotation,0,581,582,,,29531267,14,7,0,10,117,0,6,Gel applied;both_paddle_buttons_pressed;first_paddle_taken;paddles_firmly_on_chest;paddles_removed_after_shock;second_paddle_taken;shock_symbol,apical_placement_zone;defibrillator_screen;learner_hand;paddle_apical;paddle_sternal;shock_symbol;sternal_placement_zone,polygon;rectangle,Gel applied=183;both_paddle_buttons_pressed=420;first_paddle_taken=301;paddles_firmly_on_chest=414;paddles_removed_after_shock=475;second_paddle_taken=376,Gel applied:tag|apical_placement_zone:any|both_paddle_buttons_pressed:tag|defibrillator_screen:any|first_paddle_taken:tag|learner_hand:any|paddle_apical:any|paddle_sternal:any|paddles_firmly_on_chest:tag|paddles_removed_after_shock:tag|second_paddle_taken:tag|shock_delivered_on_screen:tag|shock_symbol:any|sternal_placement_zone:any
Sharmilan.zip,project_backup,Sharmilan,task_11,P50_T,P50_T.MOV,P50_T,P50,50,T,,annotation,annotation,0,573,574,1080,1920,36868518,14,6,0,8,85,6,7,Gel applied;both_paddle_buttons_pressed;first_paddle_taken;paddles_firmly_on_chest;paddles_removed_after_shock;second_paddle_taken,learner_hand;paddle_apical;paddle_sternal,polygon;rectangle,Gel applied=197;both_paddle_buttons_pressed=450;first_paddle_taken=357;paddles_firmly_on_chest=422;paddles_removed_after_shock=490;second_paddle_taken=390,Gel applied:tag|apical_placement_zone:any|both_paddle_buttons_pressed:tag|defibrillator_screen:any|first_paddle_taken:tag|learner_hand:any|paddle_apical:any|paddle_sternal:any|paddles_firmly_on_chest:tag|paddles_removed_after_shock:tag|second_paddle_taken:tag|shock_delivered_on_screen:tag|shock_symbol:any|sternal_placement_zone:any
Sharmilan.zip,project_backup,Sharmilan,task_12,P51_LL,P51_LL.MP4,P51_LL,P51,51,LL,,annotation,annotation,0,581,582,,,34951198,14,5,0,11,215,81,10,Gel applied;first_paddle_taken;paddles_firmly_on_chest;paddles_removed_after_shock;second_paddle_taken,apical_placement_zone;learner_hand;paddle_apical;paddle_sternal,polygon;rectangle,Gel applied=280;first_paddle_taken=348;paddles_firmly_on_chest=452;paddles_removed_after_shock=524;second_paddle_taken=367,Gel applied:tag|apical_placement_zone:any|both_paddle_buttons_pressed:tag|defibrillator_screen:any|first_paddle_taken:tag|learner_hand:any|paddle_apical:any|paddle_sternal:any|paddles_firmly_on_chest:tag|paddles_removed_after_shock:tag|second_paddle_taken:tag|shock_delivered_on_screen:tag|shock_symbol:any|sternal_placement_zone:any
Sharmilan.zip,project_backup,Sharmilan,task_13,P51_LS,P51_LS.mp4,P51_LS,P51,51,LS,,annotation,annotation,0,732,733,,,37355171,14,7,0,10,135,0,6,Gel applied;both_paddle_buttons_pressed;first_paddle_taken;paddles_firmly_on_chest;paddles_removed_after_shock;second_paddle_taken;shock_delivered_on_screen,apical_placement_zone;defibrillator_screen;learner_hand;paddle_apical;paddle_sternal;shock_symbol;sternal_placement_zone,polygon;rectangle,Gel applied=337;both_paddle_buttons_pressed=553;first_paddle_taken=457;paddles_firmly_on_chest=533;paddles_removed_after_shock=624;second_paddle_taken=476;shock_delivered_on_screen=557,Gel applied:tag|apical_placement_zone:any|both_paddle_buttons_pressed:tag|defibrillator_screen:any|first_paddle_taken:tag|learner_hand:any|paddle_apical:any|paddle_sternal:any|paddles_firmly_on_chest:tag|paddles_removed_after_shock:tag|second_paddle_taken:tag|shock_delivered_on_screen:tag|shock_symbol:any|sternal_placement_zone:any
Sharmilan.zip,project_backup,Sharmilan,task_14,P51_T,P51_T.MOV,P51_T,P51,51,T,,annotation,annotation,0,724,725,1080,1920,47280013,14,6,0,7,74,27,4,Gel applied;both_paddle_buttons_pressed;first_paddle_taken;paddles_firmly_on_chest;paddles_removed_after_shock;second_paddle_taken,learner_hand;paddle_apical;paddle_sternal;sternal_placement_zone,polygon;rectangle,Gel applied=355;both_paddle_buttons_pressed=568;first_paddle_taken=488;paddles_firmly_on_chest=551;paddles_removed_after_shock=648;second_paddle_taken=497,Gel applied:tag|apical_placement_zone:any|both_paddle_buttons_pressed:tag|defibrillator_screen:any|first_paddle_taken:tag|learner_hand:any|paddle_apical:any|paddle_sternal:any|paddles_firmly_on_chest:tag|paddles_removed_after_shock:tag|second_paddle_taken:tag|shock_delivered_on_screen:tag|shock_symbol:any|sternal_placement_zone:any
sujeevan.zip,project_backup,sujeevan,task_0,P52_LL,P52_LL.MP4,P52_LL,P52,52,LL,Train,annotation,annotation,0,389,390,,,23506986,14,7,0,4,75,0,3,Gel applied;both_paddle_buttons_pressed;first_paddle_taken;paddles_firmly_on_chest;second_paddle_taken,apical_placement_zone;learner_hand;paddle_apical;paddle_sternal,polygon;rectangle,"Gel applied=150;both_paddle_buttons_pressed=314;first_paddle_taken=221,225;paddles_firmly_on_chest=310;second_paddle_taken=277,282",Gel applied:tag|apical_placement_zone:any|both_paddle_buttons_pressed:tag|defibrillator_screen:any|first_paddle_taken:tag|learner_hand:any|paddle_apical:any|paddle_sternal:any|paddles_firmly_on_chest:tag|paddles_removed_after_shock:tag|second_paddle_taken:tag|shock_delivered_on_screen:tag|shock_symbol:any|sternal_placement_zone:any
sujeevan.zip,project_backup,sujeevan,task_1,P52_LS,P52_LS.mp4,P52_LS,P52,52,LS,Train,annotation,annotation,0,495,496,,,25428946,14,7,0,9,71,0,5,Gel applied;both_paddle_buttons_pressed;first_paddle_taken;paddles_firmly_on_chest;paddles_removed_after_shock;second_paddle_taken;shock_delivered_on_screen,apical_placement_zone;defibrillator_screen;learner_hand;paddle_apical;paddle_sternal;shock_symbol;sternal_placement_zone,polygon;rectangle,Gel applied=179;both_paddle_buttons_pressed=374;first_paddle_taken=274;paddles_firmly_on_chest=360;paddles_removed_after_shock=393;second_paddle_taken=340;shock_delivered_on_screen=371,Gel applied:tag|apical_placement_zone:any|both_paddle_buttons_pressed:tag|defibrillator_screen:any|first_paddle_taken:tag|learner_hand:any|paddle_apical:any|paddle_sternal:any|paddles_firmly_on_chest:tag|paddles_removed_after_shock:tag|second_paddle_taken:tag|shock_delivered_on_screen:tag|shock_symbol:any|sternal_placement_zone:any
sujeevan.zip,project_backup,sujeevan,task_2,P52_T,P52_T.MOV,P52_T,P52,52,T,Train,annotation,annotation,0,470,471,1080,1920,30231013,14,6,0,8,38,0,7,Gel applied;both_paddle_buttons_pressed;first_paddle_taken;paddles_firmly_on_chest;paddles_removed_after_shock;second_paddle_taken,apical_placement_zone;learner_hand;paddle_apical;paddle_sternal;sternal_placement_zone,polygon;rectangle,Gel applied=195;both_paddle_buttons_pressed=377;first_paddle_taken=299;paddles_firmly_on_chest=391;paddles_removed_after_shock=409;second_paddle_taken=360,Gel applied:tag|apical_placement_zone:any|both_paddle_buttons_pressed:tag|defibrillator_screen:any|first_paddle_taken:tag|learner_hand:any|paddle_apical:any|paddle_sternal:any|paddles_firmly_on_chest:tag|paddles_removed_after_shock:tag|second_paddle_taken:tag|shock_delivered_on_screen:tag|shock_symbol:any|sternal_placement_zone:any
sujeevan.zip,project_backup,sujeevan,task_3,P53_LL,P53_LL.MP4,P53_LL,P53,53,LL,Train,annotation,annotation,0,520,521,,,31414859,14,5,0,4,56,0,3,Gel applied;both_paddle_buttons_pressed;first_paddle_taken;paddles_firmly_on_chest;paddles_removed_after_shock,learner_hand;paddle_apical;paddle_sternal,polygon;rectangle,Gel applied=249;both_paddle_buttons_pressed=423;first_paddle_taken=332;paddles_firmly_on_chest=422;paddles_removed_after_shock=467,Gel applied:tag|apical_placement_zone:any|both_paddle_buttons_pressed:tag|defibrillator_screen:any|first_paddle_taken:tag|learner_hand:any|paddle_apical:any|paddle_sternal:any|paddles_firmly_on_chest:tag|paddles_removed_after_shock:tag|second_paddle_taken:tag|shock_delivered_on_screen:tag|shock_symbol:any|sternal_placement_zone:any
sujeevan.zip,project_backup,sujeevan,task_4,P53_LS,P53_LS.mp4,P53_LS,P53,53,LS,Train,annotation,annotation,0,681,682,,,34668671,14,7,0,8,83,0,5,Gel applied;both_paddle_buttons_pressed;first_paddle_taken;paddles_firmly_on_chest;paddles_removed_after_shock;second_paddle_taken;shock_delivered_on_screen,apical_placement_zone;defibrillator_screen;learner_hand;paddle_apical;paddle_sternal;shock_symbol;sternal_placement_zone,polygon;rectangle,Gel applied=283;both_paddle_buttons_pressed=503;first_paddle_taken=384;paddles_firmly_on_chest=481;paddles_removed_after_shock=540;second_paddle_taken=473;shock_delivered_on_screen=514,Gel applied:tag|apical_placement_zone:any|both_paddle_buttons_pressed:tag|defibrillator_screen:any|first_paddle_taken:tag|learner_hand:any|paddle_apical:any|paddle_sternal:any|paddles_firmly_on_chest:tag|paddles_removed_after_shock:tag|second_paddle_taken:tag|shock_delivered_on_screen:tag|shock_symbol:any|sternal_placement_zone:any
sujeevan.zip,project_backup,sujeevan,task_5,P53_T,P53_T.MOV,P53_T,P53,53,T,Train,annotation,annotation,0,617,618,1080,1920,39696015,14,5,0,6,50,0,5,both_paddle_buttons_pressed;first_paddle_taken;paddles_firmly_on_chest;paddles_removed_after_shock;second_paddle_taken,apical_placement_zone;learner_hand;paddle_apical;paddle_sternal;sternal_placement_zone,polygon;rectangle,both_paddle_buttons_pressed=518;first_paddle_taken=442;paddles_firmly_on_chest=498;paddles_removed_after_shock=553;second_paddle_taken=485,Gel applied:tag|apical_placement_zone:any|both_paddle_buttons_pressed:tag|defibrillator_screen:any|first_paddle_taken:tag|learner_hand:any|paddle_apical:any|paddle_sternal:any|paddles_firmly_on_chest:tag|paddles_removed_after_shock:tag|second_paddle_taken:tag|shock_delivered_on_screen:tag|shock_symbol:any|sternal_placement_zone:any
sujeevan.zip,project_backup,sujeevan,task_6,P54_LL,P54_LL.MP4,P54_LL,P54,54,LL,Train,annotation,annotation,0,503,504,,,30217836,14,2,0,4,60,0,3,Gel applied;first_paddle_taken,apical_placement_zone;learner_hand;paddle_apical;paddle_sternal,polygon;rectangle,Gel applied=243;first_paddle_taken=341,Gel applied:tag|apical_placement_zone:any|both_paddle_buttons_pressed:tag|defibrillator_screen:any|first_paddle_taken:tag|learner_hand:any|paddle_apical:any|paddle_sternal:any|paddles_firmly_on_chest:tag|paddles_removed_after_shock:tag|second_paddle_taken:tag|shock_delivered_on_screen:tag|shock_symbol:any|sternal_placement_zone:any
sujeevan.zip,project_backup,sujeevan,task_7,P54_LS,P54_LS.mp4,P54_LS,P54,54,LS,Train,annotation,annotation,0,627,628,,,32107491,14,5,0,8,55,0,4,Gel applied;both_paddle_buttons_pressed;paddles_firmly_on_chest;paddles_removed_after_shock;shock_delivered_on_screen,apical_placement_zone;defibrillator_screen;learner_hand;paddle_apical;paddle_sternal;shock_symbol;sternal_placement_zone,polygon;rectangle,Gel applied=287;both_paddle_buttons_pressed=516;paddles_firmly_on_chest=501;paddles_removed_after_shock=542;shock_delivered_on_screen=522,Gel applied:tag|apical_placement_zone:any|both_paddle_buttons_pressed:tag|defibrillator_screen:any|first_paddle_taken:tag|learner_hand:any|paddle_apical:any|paddle_sternal:any|paddles_firmly_on_chest:tag|paddles_removed_after_shock:tag|second_paddle_taken:tag|shock_delivered_on_screen:tag|shock_symbol:any|sternal_placement_zone:any
sujeevan.zip,project_backup,sujeevan,task_8,P54_T,P54_T.MOV,P54_T,P54,54,T,Train,annotation,annotation,0,614,615,1080,1920,39392968,14,5,0,4,46,0,3,both_paddle_buttons_pressed;first_paddle_taken;paddles_firmly_on_chest;paddles_removed_after_shock;second_paddle_taken,learner_hand;paddle_apical;paddle_sternal;sternal_placement_zone,polygon;rectangle,both_paddle_buttons_pressed=521;first_paddle_taken=417;paddles_firmly_on_chest=514;paddles_removed_after_shock=551;second_paddle_taken=497,Gel applied:tag|apical_placement_zone:any|both_paddle_buttons_pressed:tag|defibrillator_screen:any|first_paddle_taken:tag|learner_hand:any|paddle_apical:any|paddle_sternal:any|paddles_firmly_on_chest:tag|paddles_removed_after_shock:tag|second_paddle_taken:tag|shock_delivered_on_screen:tag|shock_symbol:any|sternal_placement_zone:any
sujeevan.zip,project_backup,sujeevan,task_9,P55_LL,P55_LL.MP4,P55_LL,P55,55,LL,Train,annotation,annotation,0,479,480,,,28777717,14,6,0,4,69,0,3,Gel applied;both_paddle_buttons_pressed;first_paddle_taken;paddles_firmly_on_chest;paddles_removed_after_shock;second_paddle_taken,apical_placement_zone;learner_hand;paddle_apical;paddle_sternal,polygon;rectangle,Gel applied=211;both_paddle_buttons_pressed=338;first_paddle_taken=286;paddles_firmly_on_chest=320;paddles_removed_after_shock=358;second_paddle_taken=303,Gel applied:tag|apical_placement_zone:any|both_paddle_buttons_pressed:tag|defibrillator_screen:any|first_paddle_taken:tag|learner_hand:any|paddle_apical:any|paddle_sternal:any|paddles_firmly_on_chest:tag|paddles_removed_after_shock:tag|second_paddle_taken:tag|shock_delivered_on_screen:tag|shock_symbol:any|sternal_placement_zone:any
sujeevan.zip,project_backup,sujeevan,task_10,P55_LS,P55_LS.mp4,P55_LS,P55,55,LS,Train,annotation,annotation,0,539,540,,,27353711,14,7,0,7,58,0,3,Gel applied;both_paddle_buttons_pressed;first_paddle_taken;paddles_firmly_on_chest;paddles_removed_after_shock;second_paddle_taken;shock_delivered_on_screen,apical_placement_zone;defibrillator_screen;learner_hand;paddle_apical;paddle_sternal;shock_symbol;sternal_placement_zone,polygon;rectangle,Gel applied=250;both_paddle_buttons_pressed=404;first_paddle_taken=341;paddles_firmly_on_chest=389;paddles_removed_after_shock=428;second_paddle_taken=372;shock_delivered_on_screen=411,Gel applied:tag|apical_placement_zone:any|both_paddle_buttons_pressed:tag|defibrillator_screen:any|first_paddle_taken:tag|learner_hand:any|paddle_apical:any|paddle_sternal:any|paddles_firmly_on_chest:tag|paddles_removed_after_shock:tag|second_paddle_taken:tag|shock_delivered_on_screen:tag|shock_symbol:any|sternal_placement_zone:any
sujeevan.zip,project_backup,sujeevan,task_11,P55_T,P55_T.MOV,P55_T,P55,55,T,Train,annotation,annotation,0,580,581,1080,1920,37401402,14,5,0,7,48,0,5,both_paddle_buttons_pressed;first_paddle_taken;paddles_firmly_on_chest;paddles_removed_after_shock;second_paddle_taken,apical_placement_zone;learner_hand;paddle_apical;paddle_sternal;sternal_placement_zone,polygon;rectangle,both_paddle_buttons_pressed=424;first_paddle_taken=374;paddles_firmly_on_chest=404;paddles_removed_after_shock=447;second_paddle_taken=392,Gel applied:tag|apical_placement_zone:any|both_paddle_buttons_pressed:tag|defibrillator_screen:any|first_paddle_taken:tag|learner_hand:any|paddle_apical:any|paddle_sternal:any|paddles_firmly_on_chest:tag|paddles_removed_after_shock:tag|second_paddle_taken:tag|shock_delivered_on_screen:tag|shock_symbol:any|sternal_placement_zone:any
sujeevan.zip,project_backup,sujeevan,task_12,P56_LL,P56_LL.MP4,P56_LL,P56,56,LL,Train,annotation,annotation,0,478,479,,,28811626,14,3,0,4,54,0,3,Gel applied;first_paddle_taken;paddles_removed_after_shock,apical_placement_zone;learner_hand;paddle_apical;paddle_sternal,polygon;rectangle,Gel applied=229;first_paddle_taken=307;paddles_removed_after_shock=399,Gel applied:tag|apical_placement_zone:any|both_paddle_buttons_pressed:tag|defibrillator_screen:any|first_paddle_taken:tag|learner_hand:any|paddle_apical:any|paddle_sternal:any|paddles_firmly_on_chest:tag|paddles_removed_after_shock:tag|second_paddle_taken:tag|shock_delivered_on_screen:tag|shock_symbol:any|sternal_placement_zone:any
sujeevan.zip,project_backup,sujeevan,task_13,P56_LS,P56_LS.mp4,P56_LS,P56,56,LS,Train,annotation,annotation,0,561,562,,,28577062,14,7,0,9,66,0,5,Gel applied;both_paddle_buttons_pressed;first_paddle_taken;paddles_firmly_on_chest;paddles_removed_after_shock;second_paddle_taken;shock_delivered_on_screen,apical_placement_zone;defibrillator_screen;learner_hand;paddle_apical;paddle_sternal;shock_symbol;sternal_placement_zone,polygon;rectangle,Gel applied=252;both_paddle_buttons_pressed=436;first_paddle_taken=349;paddles_firmly_on_chest=426;paddles_removed_after_shock=460;second_paddle_taken=414;shock_delivered_on_screen=444,Gel applied:tag|apical_placement_zone:any|both_paddle_buttons_pressed:tag|defibrillator_screen:any|first_paddle_taken:tag|learner_hand:any|paddle_apical:any|paddle_sternal:any|paddles_firmly_on_chest:tag|paddles_removed_after_shock:tag|second_paddle_taken:tag|shock_delivered_on_screen:tag|shock_symbol:any|sternal_placement_zone:any
sujeevan.zip,project_backup,sujeevan,task_14,P56_T,P56_T.MOV,P56_T,P56,56,T,Train,annotation,annotation,0,567,568,1080,1920,36372123,14,5,0,5,46,0,4,both_paddle_buttons_pressed;first_paddle_taken;paddles_firmly_on_chest;paddles_removed_after_shock;second_paddle_taken,learner_hand;paddle_apical;paddle_sternal;sternal_placement_zone,polygon;rectangle,both_paddle_buttons_pressed=470;first_paddle_taken=383;paddles_firmly_on_chest=464;paddles_removed_after_shock=493;second_paddle_taken=442,Gel applied:tag|apical_placement_zone:any|both_paddle_buttons_pressed:tag|defibrillator_screen:any|first_paddle_taken:tag|learner_hand:any|paddle_apical:any|paddle_sternal:any|paddles_firmly_on_chest:tag|paddles_removed_after_shock:tag|second_paddle_taken:tag|shock_delivered_on_screen:tag|shock_symbol:any|sternal_placement_zone:any
